<?xml version="1.0" encoding="utf-8"?>
<rss version="2.0" xmlns:media="http://search.yahoo.com/mrss/" xmlns:content="http://purl.org/rss/1.0/modules/content/">
  <channel>
    <title>Android « Gadget Hacks</title>
    <link>https://android.gadgethacks.com/</link>
    <description>Unchain your Android with the best tweaks, hacks, and apps.</description>
    <language>en-us</language>
    <pubDate>Fri, 19 Oct 2018 23:06:11 GMT</pubDate>
    <lastBuildDate>Fri, 19 Oct 2018 23:06:11 GMT</lastBuildDate>
    <docs>http://www.rssboard.org/rss-specification</docs>
    <generator>WonderHowTo.com FeedBuilder v1.2</generator>
    <managingEditor>contact@wonderhowto.com (Contact WonderHowTo)</managingEditor>
    <image>
      <link>https://android.gadgethacks.com/</link>
      <title>Android « Gadget Hacks</title>
      <description>Unchain your Android with the best tweaks, hacks, and apps.</description>
      <url>https://img.wonderhowto.com/images/logos/gadgethacks.feed.logo.gif</url>
      <width>144</width>
      <height>144</height>
    </image>
    <item>
      <title>Mate 20 Pro vs. Galaxy Note 9: Comparing the Best Phones from the Top 2 Manufacturers</title>
      <link>https://android.gadgethacks.com/news/mate-20-pro-vs-galaxy-note-9-comparing-best-phones-from-top-2-manufacturers-0188795/</link>
      <comments>https://android.gadgethacks.com/news/mate-20-pro-vs-galaxy-note-9-comparing-best-phones-from-top-2-manufacturers-0188795/#comments</comments>
      <description><![CDATA[<div><div><center><a href="https://android.gadgethacks.com/news/mate-20-pro-vs-galaxy-note-9-comparing-best-phones-from-top-2-manufacturers-0188795/"><img src="https://img.gadgethacks.com/img/08/63/63675373412654/0/mate-20-pro-vs-galaxy-note-9-comparing-best-phones-from-top-2-manufacturers.1280x600.jpg" width="600" height="280" border="0" /></a></center></div> <p>While many are familiar with Samsung, I'm pretty sure most Americans couldn't name the second-largest smartphone OEM. It's actually Huawei, and they recently released a spec-sheet dream of a phone in the Mate 20 Pro. So naturally, we wanted to see how it compared to the largest OEM's best offering.

During the Huawei launch event, they stressed how their phone stacks up against their biggest competitors: the iPhone XS Max and the Galaxy Note 9. Huawei knew these were the two phones most consumers would compare them against and made it their mission to beat them out in most categories. The<a href="https://android.gadgethacks.com/news/mate-20-pro-vs-galaxy-note-9-comparing-best-phones-from-top-2-manufacturers-0188795/">... more</a></p><span style="clear:both;display:block;overflow:hidden;height:0;"></span></div>]]></description>
      <content:encoded><![CDATA[<div><div><center><a href="https://android.gadgethacks.com/news/mate-20-pro-vs-galaxy-note-9-comparing-best-phones-from-top-2-manufacturers-0188795/"><img src="https://img.gadgethacks.com/img/08/63/63675373412654/0/mate-20-pro-vs-galaxy-note-9-comparing-best-phones-from-top-2-manufacturers.1280x600.jpg" width="600" height="280" border="0" /></a></center></div> <p>While many are familiar with Samsung, I'm pretty sure most Americans couldn't name the second-largest smartphone OEM. It's actually Huawei, and they recently released a spec-sheet dream of a phone in the Mate 20 Pro. So naturally, we wanted to see how it compared to the largest OEM's best offering.

During the Huawei launch event, they stressed how their phone stacks up against their biggest competitors: the iPhone XS Max and the Galaxy Note 9. Huawei knew these were the two phones most consumers would compare them against and made it their mission to beat them out in most categories. The<a href="https://android.gadgethacks.com/news/mate-20-pro-vs-galaxy-note-9-comparing-best-phones-from-top-2-manufacturers-0188795/">... more</a></p><span style="clear:both;display:block;overflow:hidden;height:0;"></span></div>]]></content:encoded>
      <pubDate>Fri, 19 Oct 2018 23:06:00 GMT</pubDate>
      <guid isPermaLink="true">https://android.gadgethacks.com/news/mate-20-pro-vs-galaxy-note-9-comparing-best-phones-from-top-2-manufacturers-0188795/</guid>
      <dc:creator xmlns:dc="http://purl.org/dc/elements/1.1/">Jon Knight</dc:creator>
      <dc:publisher xmlns:dc="http://purl.org/dc/elements/1.1/">Gadget Hacks</dc:publisher>
      <media:title>Mate 20 Pro vs. Galaxy Note 9: Comparing the Best Phones from the Top 2 Manufacturers</media:title>
      <media:description type="html"><![CDATA[<div><div><center><a href="https://android.gadgethacks.com/news/mate-20-pro-vs-galaxy-note-9-comparing-best-phones-from-top-2-manufacturers-0188795/"><img src="https://img.gadgethacks.com/img/08/63/63675373412654/0/mate-20-pro-vs-galaxy-note-9-comparing-best-phones-from-top-2-manufacturers.1280x600.jpg" width="600" height="280" border="0" /></a></center></div> <p>While many are familiar with Samsung, I'm pretty sure most Americans couldn't name the second-largest smartphone OEM. It's actually Huawei, and they recently released a spec-sheet dream of a phone in the Mate 20 Pro. So naturally, we wanted to see how it compared to the largest OEM's best offering.

During the Huawei launch event, they stressed how their phone stacks up against their biggest competitors: the iPhone XS Max and the Galaxy Note 9. Huawei knew these were the two phones most consumers would compare them against and made it their mission to beat them out in most categories. The<a href="https://android.gadgethacks.com/news/mate-20-pro-vs-galaxy-note-9-comparing-best-phones-from-top-2-manufacturers-0188795/">... more</a></p><span style="clear:both;display:block;overflow:hidden;height:0;"></span></div>]]></media:description>
      <media:thumbnail url="https://img.gadgethacks.com/img/08/63/63675373412654/0/mate-20-pro-vs-galaxy-note-9-comparing-best-phones-from-top-2-manufacturers.1280x600.jpg" width="1280" height="600" />
      <media:rating scheme="urn:mpaa">g</media:rating>
    </item>
    <item>
      <title>Everything You Need to Know About the ASUS ROG Phone — the Best Gaming Phone on the Market</title>
      <link>https://android.gadgethacks.com/news/everything-you-need-know-about-asus-rog-phone-best-gaming-phone-market-0188543/</link>
      <comments>https://android.gadgethacks.com/news/everything-you-need-know-about-asus-rog-phone-best-gaming-phone-market-0188543/#comments</comments>
      <description><![CDATA[<div><div><center><a href="https://android.gadgethacks.com/news/everything-you-need-know-about-asus-rog-phone-best-gaming-phone-market-0188543/"><img src="https://img.gadgethacks.com/img/95/11/63674932767075/0/everything-you-need-know-about-asus-rog-phone-best-gaming-phone-market.1280x600.jpg" width="600" height="280" border="0" /></a></center></div> <p>Ever since the announcement of the Razer Phone, a wave of gaming smartphones started to hit the market. With ASUS being such a big name in gaming, it made sense for them to throw their hat in the ring. The result is the ROG Phone. And with this first try, ASUS has topped the rest, creating a gaming phone others should try to emulate.

The ROG Phone is a no-compromise Android phone. Each aspect of this phone has been carefully considered, resulting in one of the best mashups of parts we've seen in a mobile device. With their knowledge of gamers, ASUS knew having top-tier specs was necessary to<a href="https://android.gadgethacks.com/news/everything-you-need-know-about-asus-rog-phone-best-gaming-phone-market-0188543/">... more</a></p><span style="clear:both;display:block;overflow:hidden;height:0;"></span></div>]]></description>
      <content:encoded><![CDATA[<div><div><center><a href="https://android.gadgethacks.com/news/everything-you-need-know-about-asus-rog-phone-best-gaming-phone-market-0188543/"><img src="https://img.gadgethacks.com/img/95/11/63674932767075/0/everything-you-need-know-about-asus-rog-phone-best-gaming-phone-market.1280x600.jpg" width="600" height="280" border="0" /></a></center></div> <p>Ever since the announcement of the Razer Phone, a wave of gaming smartphones started to hit the market. With ASUS being such a big name in gaming, it made sense for them to throw their hat in the ring. The result is the ROG Phone. And with this first try, ASUS has topped the rest, creating a gaming phone others should try to emulate.

The ROG Phone is a no-compromise Android phone. Each aspect of this phone has been carefully considered, resulting in one of the best mashups of parts we've seen in a mobile device. With their knowledge of gamers, ASUS knew having top-tier specs was necessary to<a href="https://android.gadgethacks.com/news/everything-you-need-know-about-asus-rog-phone-best-gaming-phone-market-0188543/">... more</a></p><span style="clear:both;display:block;overflow:hidden;height:0;"></span></div>]]></content:encoded>
      <pubDate>Thu, 18 Oct 2018 12:00:02 GMT</pubDate>
      <guid isPermaLink="true">https://android.gadgethacks.com/news/everything-you-need-know-about-asus-rog-phone-best-gaming-phone-market-0188543/</guid>
      <dc:creator xmlns:dc="http://purl.org/dc/elements/1.1/">Jon Knight</dc:creator>
      <dc:publisher xmlns:dc="http://purl.org/dc/elements/1.1/">Gadget Hacks</dc:publisher>
      <media:title>Everything You Need to Know About the ASUS ROG Phone — the Best Gaming Phone on the Market</media:title>
      <media:description type="html"><![CDATA[<div><div><center><a href="https://android.gadgethacks.com/news/everything-you-need-know-about-asus-rog-phone-best-gaming-phone-market-0188543/"><img src="https://img.gadgethacks.com/img/95/11/63674932767075/0/everything-you-need-know-about-asus-rog-phone-best-gaming-phone-market.1280x600.jpg" width="600" height="280" border="0" /></a></center></div> <p>Ever since the announcement of the Razer Phone, a wave of gaming smartphones started to hit the market. With ASUS being such a big name in gaming, it made sense for them to throw their hat in the ring. The result is the ROG Phone. And with this first try, ASUS has topped the rest, creating a gaming phone others should try to emulate.

The ROG Phone is a no-compromise Android phone. Each aspect of this phone has been carefully considered, resulting in one of the best mashups of parts we've seen in a mobile device. With their knowledge of gamers, ASUS knew having top-tier specs was necessary to<a href="https://android.gadgethacks.com/news/everything-you-need-know-about-asus-rog-phone-best-gaming-phone-market-0188543/">... more</a></p><span style="clear:both;display:block;overflow:hidden;height:0;"></span></div>]]></media:description>
      <media:thumbnail url="https://img.gadgethacks.com/img/95/11/63674932767075/0/everything-you-need-know-about-asus-rog-phone-best-gaming-phone-market.1280x600.jpg" width="1280" height="600" />
      <media:rating scheme="urn:mpaa">g</media:rating>
    </item>
    <item>
      <title>The Pixel 3 Still Has a Circular Polarizer</title>
      <link>https://android.gadgethacks.com/news/pixel-3-still-has-circular-polarizer-0188825/</link>
      <comments>https://android.gadgethacks.com/news/pixel-3-still-has-circular-polarizer-0188825/#comments</comments>
      <description><![CDATA[<div><div><center><a href="https://android.gadgethacks.com/news/pixel-3-still-has-circular-polarizer-0188825/"><img src="https://img.gadgethacks.com/img/21/22/63675375115704/0/pixel-3-still-has-circular-polarizer.1280x600.jpg" width="600" height="280" border="0" /></a></center></div> <p>The Pixel 2 XL had what Google called a circular polarizer to ensure the screen would be visible from any orientation while wearing polarized sunglasses. They made a pretty big deal out of it at their 2017 event, but in 2018, there was no mention of whether or not this feature would return in the Pixel 3. It did.

There's been speculation that the circular polarizer was to blame for the Pixel 2 XL's "blue shift" problem — a condition that made the screen seem blue when viewed at steep angles. With all the trouble their 2017 flagship's screen had, some were working under the assumption that<a href="https://android.gadgethacks.com/news/pixel-3-still-has-circular-polarizer-0188825/">... more</a></p><span style="clear:both;display:block;overflow:hidden;height:0;"></span></div>]]></description>
      <content:encoded><![CDATA[<div><div><center><a href="https://android.gadgethacks.com/news/pixel-3-still-has-circular-polarizer-0188825/"><img src="https://img.gadgethacks.com/img/21/22/63675375115704/0/pixel-3-still-has-circular-polarizer.1280x600.jpg" width="600" height="280" border="0" /></a></center></div> <p>The Pixel 2 XL had what Google called a circular polarizer to ensure the screen would be visible from any orientation while wearing polarized sunglasses. They made a pretty big deal out of it at their 2017 event, but in 2018, there was no mention of whether or not this feature would return in the Pixel 3. It did.

There's been speculation that the circular polarizer was to blame for the Pixel 2 XL's "blue shift" problem — a condition that made the screen seem blue when viewed at steep angles. With all the trouble their 2017 flagship's screen had, some were working under the assumption that<a href="https://android.gadgethacks.com/news/pixel-3-still-has-circular-polarizer-0188825/">... more</a></p><span style="clear:both;display:block;overflow:hidden;height:0;"></span></div>]]></content:encoded>
      <pubDate>Wed, 17 Oct 2018 19:25:00 GMT</pubDate>
      <guid isPermaLink="true">https://android.gadgethacks.com/news/pixel-3-still-has-circular-polarizer-0188825/</guid>
      <dc:creator xmlns:dc="http://purl.org/dc/elements/1.1/">Dallas Thomas</dc:creator>
      <dc:publisher xmlns:dc="http://purl.org/dc/elements/1.1/">Gadget Hacks</dc:publisher>
      <media:title>The Pixel 3 Still Has a Circular Polarizer</media:title>
      <media:description type="html"><![CDATA[<div><div><center><a href="https://android.gadgethacks.com/news/pixel-3-still-has-circular-polarizer-0188825/"><img src="https://img.gadgethacks.com/img/21/22/63675375115704/0/pixel-3-still-has-circular-polarizer.1280x600.jpg" width="600" height="280" border="0" /></a></center></div> <p>The Pixel 2 XL had what Google called a circular polarizer to ensure the screen would be visible from any orientation while wearing polarized sunglasses. They made a pretty big deal out of it at their 2017 event, but in 2018, there was no mention of whether or not this feature would return in the Pixel 3. It did.

There's been speculation that the circular polarizer was to blame for the Pixel 2 XL's "blue shift" problem — a condition that made the screen seem blue when viewed at steep angles. With all the trouble their 2017 flagship's screen had, some were working under the assumption that<a href="https://android.gadgethacks.com/news/pixel-3-still-has-circular-polarizer-0188825/">... more</a></p><span style="clear:both;display:block;overflow:hidden;height:0;"></span></div>]]></media:description>
      <media:thumbnail url="https://img.gadgethacks.com/img/21/22/63675375115704/0/pixel-3-still-has-circular-polarizer.1280x600.jpg" width="1280" height="600" />
      <media:rating scheme="urn:mpaa">g</media:rating>
    </item>
    <item>
      <title>Huawei Mate 20 Pro — Finally, a Phone with Almost No Compromises</title>
      <link>https://android.gadgethacks.com/news/huawei-mate-20-pro-finally-phone-with-almost-no-compromises-0188699/</link>
      <comments>https://android.gadgethacks.com/news/huawei-mate-20-pro-finally-phone-with-almost-no-compromises-0188699/#comments</comments>
      <description><![CDATA[<div><div><center><a href="https://android.gadgethacks.com/news/huawei-mate-20-pro-finally-phone-with-almost-no-compromises-0188699/"><img src="https://img.gadgethacks.com/img/63/75/63675283455891/0/huawei-mate-20-pro-finally-phone-with-almost-no-compromises.1280x600.jpg" width="600" height="280" border="0" /></a></center></div> <p>In this jam-packed October, the Huawei Mate 20 Pro has flown under the radar in the US. Due to Huawei's lack of presence in the States, many are unfamiliar with the second largest OEM in the world. Huawei has continuously put out amazing mobile devices, and this year they released a phone that's nearly perfect on paper.

The Mate series has always had strong specs, which started with the introduction of the latest SoC, Kirin. However, it appears with the Mate 20, Huawei wanted to make a phone without compromise. The result is a phone that has all the top specs in 2018. Except for the ASUS ROG<a href="https://android.gadgethacks.com/news/huawei-mate-20-pro-finally-phone-with-almost-no-compromises-0188699/">... more</a></p><span style="clear:both;display:block;overflow:hidden;height:0;"></span></div>]]></description>
      <content:encoded><![CDATA[<div><div><center><a href="https://android.gadgethacks.com/news/huawei-mate-20-pro-finally-phone-with-almost-no-compromises-0188699/"><img src="https://img.gadgethacks.com/img/63/75/63675283455891/0/huawei-mate-20-pro-finally-phone-with-almost-no-compromises.1280x600.jpg" width="600" height="280" border="0" /></a></center></div> <p>In this jam-packed October, the Huawei Mate 20 Pro has flown under the radar in the US. Due to Huawei's lack of presence in the States, many are unfamiliar with the second largest OEM in the world. Huawei has continuously put out amazing mobile devices, and this year they released a phone that's nearly perfect on paper.

The Mate series has always had strong specs, which started with the introduction of the latest SoC, Kirin. However, it appears with the Mate 20, Huawei wanted to make a phone without compromise. The result is a phone that has all the top specs in 2018. Except for the ASUS ROG<a href="https://android.gadgethacks.com/news/huawei-mate-20-pro-finally-phone-with-almost-no-compromises-0188699/">... more</a></p><span style="clear:both;display:block;overflow:hidden;height:0;"></span></div>]]></content:encoded>
      <pubDate>Tue, 16 Oct 2018 21:54:00 GMT</pubDate>
      <guid isPermaLink="true">https://android.gadgethacks.com/news/huawei-mate-20-pro-finally-phone-with-almost-no-compromises-0188699/</guid>
      <dc:creator xmlns:dc="http://purl.org/dc/elements/1.1/">Jon Knight</dc:creator>
      <dc:publisher xmlns:dc="http://purl.org/dc/elements/1.1/">Gadget Hacks</dc:publisher>
      <media:title>Huawei Mate 20 Pro — Finally, a Phone with Almost No Compromises</media:title>
      <media:description type="html"><![CDATA[<div><div><center><a href="https://android.gadgethacks.com/news/huawei-mate-20-pro-finally-phone-with-almost-no-compromises-0188699/"><img src="https://img.gadgethacks.com/img/63/75/63675283455891/0/huawei-mate-20-pro-finally-phone-with-almost-no-compromises.1280x600.jpg" width="600" height="280" border="0" /></a></center></div> <p>In this jam-packed October, the Huawei Mate 20 Pro has flown under the radar in the US. Due to Huawei's lack of presence in the States, many are unfamiliar with the second largest OEM in the world. Huawei has continuously put out amazing mobile devices, and this year they released a phone that's nearly perfect on paper.

The Mate series has always had strong specs, which started with the introduction of the latest SoC, Kirin. However, it appears with the Mate 20, Huawei wanted to make a phone without compromise. The result is a phone that has all the top specs in 2018. Except for the ASUS ROG<a href="https://android.gadgethacks.com/news/huawei-mate-20-pro-finally-phone-with-almost-no-compromises-0188699/">... more</a></p><span style="clear:both;display:block;overflow:hidden;height:0;"></span></div>]]></media:description>
      <media:thumbnail url="https://img.gadgethacks.com/img/63/75/63675283455891/0/huawei-mate-20-pro-finally-phone-with-almost-no-compromises.1280x600.jpg" width="1280" height="600" />
      <media:rating scheme="urn:mpaa">g</media:rating>
      <media:content duration="77" medium="video" lang="en" />
      <media:player url="https://android.gadgethacks.com/news/huawei-mate-20-pro-finally-phone-with-almost-no-compromises-0188699/" />
    </item>
    <item>
      <title>How to Root Your OnePlus 5 Using Magisk</title>
      <link>https://oneplus.gadgethacks.com/how-to/root-your-oneplus-5-using-magisk-0187802/</link>
      <comments>https://oneplus.gadgethacks.com/how-to/root-your-oneplus-5-using-magisk-0187802/#comments</comments>
      <description><![CDATA[<div><div><center><a href="https://oneplus.gadgethacks.com/how-to/root-your-oneplus-5-using-magisk-0187802/"><img src="https://img.gadgethacks.com/img/47/15/63675206317482/0/root-your-oneplus-5-using-magisk.1280x600.jpg" width="600" height="280" border="0" /></a></center></div> <p>Perhaps you've thought about rooting your OnePlus 5, but thought again when you heard SafetyNet would prevent you from using apps like Google Pay, Pokémon GO, or Netflix. Those are valid struggles when you root using traditional methods. There are no such worries when using Magisk, as it masks the fact that your device has been modified.

That means you can have your financial apps and use them too. You can play your favorite games. Magisk is a type of "systemless" root that goes straight to the boot partition to make changes, instead of modifying system files. Since Magisk does not modify<a href="https://oneplus.gadgethacks.com/how-to/root-your-oneplus-5-using-magisk-0187802/">... more</a></p><span style="clear:both;display:block;overflow:hidden;height:0;"></span></div>]]></description>
      <content:encoded><![CDATA[<div><div><center><a href="https://oneplus.gadgethacks.com/how-to/root-your-oneplus-5-using-magisk-0187802/"><img src="https://img.gadgethacks.com/img/47/15/63675206317482/0/root-your-oneplus-5-using-magisk.1280x600.jpg" width="600" height="280" border="0" /></a></center></div> <p>Perhaps you've thought about rooting your OnePlus 5, but thought again when you heard SafetyNet would prevent you from using apps like Google Pay, Pokémon GO, or Netflix. Those are valid struggles when you root using traditional methods. There are no such worries when using Magisk, as it masks the fact that your device has been modified.

That means you can have your financial apps and use them too. You can play your favorite games. Magisk is a type of "systemless" root that goes straight to the boot partition to make changes, instead of modifying system files. Since Magisk does not modify<a href="https://oneplus.gadgethacks.com/how-to/root-your-oneplus-5-using-magisk-0187802/">... more</a></p><span style="clear:both;display:block;overflow:hidden;height:0;"></span></div>]]></content:encoded>
      <pubDate>Mon, 15 Oct 2018 21:51:00 GMT</pubDate>
      <guid isPermaLink="true">https://oneplus.gadgethacks.com/how-to/root-your-oneplus-5-using-magisk-0187802/</guid>
      <dc:creator xmlns:dc="http://purl.org/dc/elements/1.1/">Delani Clatfelter</dc:creator>
      <dc:publisher xmlns:dc="http://purl.org/dc/elements/1.1/">Gadget Hacks</dc:publisher>
      <media:title>How to Root Your OnePlus 5 Using Magisk</media:title>
      <media:description type="html"><![CDATA[<div><div><center><a href="https://oneplus.gadgethacks.com/how-to/root-your-oneplus-5-using-magisk-0187802/"><img src="https://img.gadgethacks.com/img/47/15/63675206317482/0/root-your-oneplus-5-using-magisk.1280x600.jpg" width="600" height="280" border="0" /></a></center></div> <p>Perhaps you've thought about rooting your OnePlus 5, but thought again when you heard SafetyNet would prevent you from using apps like Google Pay, Pokémon GO, or Netflix. Those are valid struggles when you root using traditional methods. There are no such worries when using Magisk, as it masks the fact that your device has been modified.

That means you can have your financial apps and use them too. You can play your favorite games. Magisk is a type of "systemless" root that goes straight to the boot partition to make changes, instead of modifying system files. Since Magisk does not modify<a href="https://oneplus.gadgethacks.com/how-to/root-your-oneplus-5-using-magisk-0187802/">... more</a></p><span style="clear:both;display:block;overflow:hidden;height:0;"></span></div>]]></media:description>
      <media:thumbnail url="https://img.gadgethacks.com/img/47/15/63675206317482/0/root-your-oneplus-5-using-magisk.1280x600.jpg" width="1280" height="600" />
      <media:rating scheme="urn:mpaa">g</media:rating>
    </item>
    <item>
      <title>How to Turn Your Galaxy Note 9 into an iPhone</title>
      <link>https://android.gadgethacks.com/how-to/turn-your-galaxy-note-9-into-iphone-0188414/</link>
      <comments>https://android.gadgethacks.com/how-to/turn-your-galaxy-note-9-into-iphone-0188414/#comments</comments>
      <description><![CDATA[<div><div><center><a href="https://android.gadgethacks.com/how-to/turn-your-galaxy-note-9-into-iphone-0188414/"><img src="https://img.gadgethacks.com/img/54/42/63674859294063/0/turn-your-galaxy-note-9-into-iphone.1280x600.jpg" width="600" height="280" border="0" /></a></center></div> <p>For some Android users, this guide is sacrilege — but for others, iOS is just an attractive operating system that can be admired without feeling like you've betrayed your own phone. If you're one of those Galaxy Note 9 owners that have peeked across the aisle and desired an interface as clean as the one on the iPhone XS Max, you can configure your Note 9 to look like its rival with some tinkering.

First off, this will not remove the Android operating system or Samsung Experience. Instead, what this does is change several aspects to emulate the look and feel of an iPhone. With these steps<a href="https://android.gadgethacks.com/how-to/turn-your-galaxy-note-9-into-iphone-0188414/">... more</a></p><span style="clear:both;display:block;overflow:hidden;height:0;"></span></div>]]></description>
      <content:encoded><![CDATA[<div><div><center><a href="https://android.gadgethacks.com/how-to/turn-your-galaxy-note-9-into-iphone-0188414/"><img src="https://img.gadgethacks.com/img/54/42/63674859294063/0/turn-your-galaxy-note-9-into-iphone.1280x600.jpg" width="600" height="280" border="0" /></a></center></div> <p>For some Android users, this guide is sacrilege — but for others, iOS is just an attractive operating system that can be admired without feeling like you've betrayed your own phone. If you're one of those Galaxy Note 9 owners that have peeked across the aisle and desired an interface as clean as the one on the iPhone XS Max, you can configure your Note 9 to look like its rival with some tinkering.

First off, this will not remove the Android operating system or Samsung Experience. Instead, what this does is change several aspects to emulate the look and feel of an iPhone. With these steps<a href="https://android.gadgethacks.com/how-to/turn-your-galaxy-note-9-into-iphone-0188414/">... more</a></p><span style="clear:both;display:block;overflow:hidden;height:0;"></span></div>]]></content:encoded>
      <pubDate>Thu, 11 Oct 2018 23:16:00 GMT</pubDate>
      <guid isPermaLink="true">https://android.gadgethacks.com/how-to/turn-your-galaxy-note-9-into-iphone-0188414/</guid>
      <dc:creator xmlns:dc="http://purl.org/dc/elements/1.1/">Jon Knight</dc:creator>
      <dc:publisher xmlns:dc="http://purl.org/dc/elements/1.1/">Gadget Hacks</dc:publisher>
      <media:title>How to Turn Your Galaxy Note 9 into an iPhone</media:title>
      <media:description type="html"><![CDATA[<div><div><center><a href="https://android.gadgethacks.com/how-to/turn-your-galaxy-note-9-into-iphone-0188414/"><img src="https://img.gadgethacks.com/img/54/42/63674859294063/0/turn-your-galaxy-note-9-into-iphone.1280x600.jpg" width="600" height="280" border="0" /></a></center></div> <p>For some Android users, this guide is sacrilege — but for others, iOS is just an attractive operating system that can be admired without feeling like you've betrayed your own phone. If you're one of those Galaxy Note 9 owners that have peeked across the aisle and desired an interface as clean as the one on the iPhone XS Max, you can configure your Note 9 to look like its rival with some tinkering.

First off, this will not remove the Android operating system or Samsung Experience. Instead, what this does is change several aspects to emulate the look and feel of an iPhone. With these steps<a href="https://android.gadgethacks.com/how-to/turn-your-galaxy-note-9-into-iphone-0188414/">... more</a></p><span style="clear:both;display:block;overflow:hidden;height:0;"></span></div>]]></media:description>
      <media:thumbnail url="https://img.gadgethacks.com/img/54/42/63674859294063/0/turn-your-galaxy-note-9-into-iphone.1280x600.jpg" width="1280" height="600" />
      <media:rating scheme="urn:mpaa">g</media:rating>
    </item>
    <item>
      <title>Fortnite Beta Is Now Available for All Android Devices</title>
      <link>https://android.gadgethacks.com/news/fortnite-beta-is-now-available-for-all-android-devices-0188473/</link>
      <comments>https://android.gadgethacks.com/news/fortnite-beta-is-now-available-for-all-android-devices-0188473/#comments</comments>
      <description><![CDATA[<div><div><center><a href="https://android.gadgethacks.com/news/fortnite-beta-is-now-available-for-all-android-devices-0188473/"><img src="https://img.gadgethacks.com/img/57/30/63674849822841/0/fortnite-beta-is-now-available-for-all-android-devices.1280x600.jpg" width="600" height="280" border="0" /></a></center></div> <p>After the limited initial release of the massively popular game on the Android platform, many users have been stuck waiting to play Fortnite. That's because, initially, Epic Games only released the game to Samsung Galaxy devices, and asked non-Samsung users to join an invite list. Well, the wait is finally over.

Starting today, any Android device can now play the game. Epic Games does have a set of minimum system requirements for a phone to be officially supported, but the game will actually run on almost any phone. Here is the official list of devices designated by Epic Games to support<a href="https://android.gadgethacks.com/news/fortnite-beta-is-now-available-for-all-android-devices-0188473/">... more</a></p><span style="clear:both;display:block;overflow:hidden;height:0;"></span></div>]]></description>
      <content:encoded><![CDATA[<div><div><center><a href="https://android.gadgethacks.com/news/fortnite-beta-is-now-available-for-all-android-devices-0188473/"><img src="https://img.gadgethacks.com/img/57/30/63674849822841/0/fortnite-beta-is-now-available-for-all-android-devices.1280x600.jpg" width="600" height="280" border="0" /></a></center></div> <p>After the limited initial release of the massively popular game on the Android platform, many users have been stuck waiting to play Fortnite. That's because, initially, Epic Games only released the game to Samsung Galaxy devices, and asked non-Samsung users to join an invite list. Well, the wait is finally over.

Starting today, any Android device can now play the game. Epic Games does have a set of minimum system requirements for a phone to be officially supported, but the game will actually run on almost any phone. Here is the official list of devices designated by Epic Games to support<a href="https://android.gadgethacks.com/news/fortnite-beta-is-now-available-for-all-android-devices-0188473/">... more</a></p><span style="clear:both;display:block;overflow:hidden;height:0;"></span></div>]]></content:encoded>
      <pubDate>Thu, 11 Oct 2018 17:40:00 GMT</pubDate>
      <guid isPermaLink="true">https://android.gadgethacks.com/news/fortnite-beta-is-now-available-for-all-android-devices-0188473/</guid>
      <dc:creator xmlns:dc="http://purl.org/dc/elements/1.1/">Jon Knight</dc:creator>
      <dc:publisher xmlns:dc="http://purl.org/dc/elements/1.1/">Gadget Hacks</dc:publisher>
      <media:title>Fortnite Beta Is Now Available for All Android Devices</media:title>
      <media:description type="html"><![CDATA[<div><div><center><a href="https://android.gadgethacks.com/news/fortnite-beta-is-now-available-for-all-android-devices-0188473/"><img src="https://img.gadgethacks.com/img/57/30/63674849822841/0/fortnite-beta-is-now-available-for-all-android-devices.1280x600.jpg" width="600" height="280" border="0" /></a></center></div> <p>After the limited initial release of the massively popular game on the Android platform, many users have been stuck waiting to play Fortnite. That's because, initially, Epic Games only released the game to Samsung Galaxy devices, and asked non-Samsung users to join an invite list. Well, the wait is finally over.

Starting today, any Android device can now play the game. Epic Games does have a set of minimum system requirements for a phone to be officially supported, but the game will actually run on almost any phone. Here is the official list of devices designated by Epic Games to support<a href="https://android.gadgethacks.com/news/fortnite-beta-is-now-available-for-all-android-devices-0188473/">... more</a></p><span style="clear:both;display:block;overflow:hidden;height:0;"></span></div>]]></media:description>
      <media:thumbnail url="https://img.gadgethacks.com/img/57/30/63674849822841/0/fortnite-beta-is-now-available-for-all-android-devices.1280x600.jpg" width="1280" height="600" />
      <media:rating scheme="urn:mpaa">g</media:rating>
    </item>
    <item>
      <title>The Razer Phone 2 Goes Official with 2018 Internals in a 2017 Body</title>
      <link>https://android.gadgethacks.com/news/razer-phone-2-goes-official-with-2018-internals-2017-body-0188408/</link>
      <comments>https://android.gadgethacks.com/news/razer-phone-2-goes-official-with-2018-internals-2017-body-0188408/#comments</comments>
      <description><![CDATA[<div><div><center><a href="https://android.gadgethacks.com/news/razer-phone-2-goes-official-with-2018-internals-2017-body-0188408/"><img src="https://img.gadgethacks.com/img/42/72/63674788744360/0/razer-phone-2-goes-official-with-2018-internals-2017-body.1280x600.jpg" width="600" height="280" border="0" /></a></center></div> <p>Late last year, we got a little surprise from Razer. The gaming company released its first smartphone, and as expected, it targeted gamers. Branded as a gaming phone, it started a trend which several other companies followed soon after, including ASUS, Xiaomi, and even Samsung. So as you can imagine, many are excited about its successor.

Razer had one of the few phones last year that made conscious decisions in both the design and software experience of the phone. The higher refresh rate screen, the stereo speakers, even the placement of the fingerprint scanner were designed for the best<a href="https://android.gadgethacks.com/news/razer-phone-2-goes-official-with-2018-internals-2017-body-0188408/">... more</a></p><span style="clear:both;display:block;overflow:hidden;height:0;"></span></div>]]></description>
      <content:encoded><![CDATA[<div><div><center><a href="https://android.gadgethacks.com/news/razer-phone-2-goes-official-with-2018-internals-2017-body-0188408/"><img src="https://img.gadgethacks.com/img/42/72/63674788744360/0/razer-phone-2-goes-official-with-2018-internals-2017-body.1280x600.jpg" width="600" height="280" border="0" /></a></center></div> <p>Late last year, we got a little surprise from Razer. The gaming company released its first smartphone, and as expected, it targeted gamers. Branded as a gaming phone, it started a trend which several other companies followed soon after, including ASUS, Xiaomi, and even Samsung. So as you can imagine, many are excited about its successor.

Razer had one of the few phones last year that made conscious decisions in both the design and software experience of the phone. The higher refresh rate screen, the stereo speakers, even the placement of the fingerprint scanner were designed for the best<a href="https://android.gadgethacks.com/news/razer-phone-2-goes-official-with-2018-internals-2017-body-0188408/">... more</a></p><span style="clear:both;display:block;overflow:hidden;height:0;"></span></div>]]></content:encoded>
      <pubDate>Thu, 11 Oct 2018 03:00:00 GMT</pubDate>
      <guid isPermaLink="true">https://android.gadgethacks.com/news/razer-phone-2-goes-official-with-2018-internals-2017-body-0188408/</guid>
      <dc:creator xmlns:dc="http://purl.org/dc/elements/1.1/">Jon Knight</dc:creator>
      <dc:publisher xmlns:dc="http://purl.org/dc/elements/1.1/">Gadget Hacks</dc:publisher>
      <media:title>The Razer Phone 2 Goes Official with 2018 Internals in a 2017 Body</media:title>
      <media:description type="html"><![CDATA[<div><div><center><a href="https://android.gadgethacks.com/news/razer-phone-2-goes-official-with-2018-internals-2017-body-0188408/"><img src="https://img.gadgethacks.com/img/42/72/63674788744360/0/razer-phone-2-goes-official-with-2018-internals-2017-body.1280x600.jpg" width="600" height="280" border="0" /></a></center></div> <p>Late last year, we got a little surprise from Razer. The gaming company released its first smartphone, and as expected, it targeted gamers. Branded as a gaming phone, it started a trend which several other companies followed soon after, including ASUS, Xiaomi, and even Samsung. So as you can imagine, many are excited about its successor.

Razer had one of the few phones last year that made conscious decisions in both the design and software experience of the phone. The higher refresh rate screen, the stereo speakers, even the placement of the fingerprint scanner were designed for the best<a href="https://android.gadgethacks.com/news/razer-phone-2-goes-official-with-2018-internals-2017-body-0188408/">... more</a></p><span style="clear:both;display:block;overflow:hidden;height:0;"></span></div>]]></media:description>
      <media:thumbnail url="https://img.gadgethacks.com/img/42/72/63674788744360/0/razer-phone-2-goes-official-with-2018-internals-2017-body.1280x600.jpg" width="1280" height="600" />
      <media:rating scheme="urn:mpaa">g</media:rating>
    </item>
    <item>
      <title>Pixel 3 XL vs. Galaxy Note 9 — the Best of Android Compared</title>
      <link>https://android.gadgethacks.com/news/pixel-3-xl-vs-galaxy-note-9-best-android-compared-0188411/</link>
      <comments>https://android.gadgethacks.com/news/pixel-3-xl-vs-galaxy-note-9-best-android-compared-0188411/#comments</comments>
      <description><![CDATA[<div><div><center><a href="https://android.gadgethacks.com/news/pixel-3-xl-vs-galaxy-note-9-best-android-compared-0188411/"><img src="https://img.gadgethacks.com/img/40/08/63674789958735/0/pixel-3-xl-vs-galaxy-note-9-best-android-compared.1280x600.jpg" width="600" height="280" border="0" /></a></center></div> <p>The Pixel 3 XL versus Galaxy Note 9. Stock Android versus Samsung Experience. When I began this comparison, I thought the Pixel 3 XL would be unfairly outmatched. But after looking at the specs side-by-side, you'll see a different picture. This year, Google delivered a worthy alternative to Samsung's best offering.

The battle between these two phones has been impressive over the years. While Samsung has been an ambassador for the Android operating system, selling millions of units, the biggest complaint has always been how heavy its skin is. However, because of the Galaxy Note line's top-tier<a href="https://android.gadgethacks.com/news/pixel-3-xl-vs-galaxy-note-9-best-android-compared-0188411/">... more</a></p><span style="clear:both;display:block;overflow:hidden;height:0;"></span></div>]]></description>
      <content:encoded><![CDATA[<div><div><center><a href="https://android.gadgethacks.com/news/pixel-3-xl-vs-galaxy-note-9-best-android-compared-0188411/"><img src="https://img.gadgethacks.com/img/40/08/63674789958735/0/pixel-3-xl-vs-galaxy-note-9-best-android-compared.1280x600.jpg" width="600" height="280" border="0" /></a></center></div> <p>The Pixel 3 XL versus Galaxy Note 9. Stock Android versus Samsung Experience. When I began this comparison, I thought the Pixel 3 XL would be unfairly outmatched. But after looking at the specs side-by-side, you'll see a different picture. This year, Google delivered a worthy alternative to Samsung's best offering.

The battle between these two phones has been impressive over the years. While Samsung has been an ambassador for the Android operating system, selling millions of units, the biggest complaint has always been how heavy its skin is. However, because of the Galaxy Note line's top-tier<a href="https://android.gadgethacks.com/news/pixel-3-xl-vs-galaxy-note-9-best-android-compared-0188411/">... more</a></p><span style="clear:both;display:block;overflow:hidden;height:0;"></span></div>]]></content:encoded>
      <pubDate>Thu, 11 Oct 2018 00:57:00 GMT</pubDate>
      <guid isPermaLink="true">https://android.gadgethacks.com/news/pixel-3-xl-vs-galaxy-note-9-best-android-compared-0188411/</guid>
      <dc:creator xmlns:dc="http://purl.org/dc/elements/1.1/">Jon Knight</dc:creator>
      <dc:publisher xmlns:dc="http://purl.org/dc/elements/1.1/">Gadget Hacks</dc:publisher>
      <media:title>Pixel 3 XL vs. Galaxy Note 9 — the Best of Android Compared</media:title>
      <media:description type="html"><![CDATA[<div><div><center><a href="https://android.gadgethacks.com/news/pixel-3-xl-vs-galaxy-note-9-best-android-compared-0188411/"><img src="https://img.gadgethacks.com/img/40/08/63674789958735/0/pixel-3-xl-vs-galaxy-note-9-best-android-compared.1280x600.jpg" width="600" height="280" border="0" /></a></center></div> <p>The Pixel 3 XL versus Galaxy Note 9. Stock Android versus Samsung Experience. When I began this comparison, I thought the Pixel 3 XL would be unfairly outmatched. But after looking at the specs side-by-side, you'll see a different picture. This year, Google delivered a worthy alternative to Samsung's best offering.

The battle between these two phones has been impressive over the years. While Samsung has been an ambassador for the Android operating system, selling millions of units, the biggest complaint has always been how heavy its skin is. However, because of the Galaxy Note line's top-tier<a href="https://android.gadgethacks.com/news/pixel-3-xl-vs-galaxy-note-9-best-android-compared-0188411/">... more</a></p><span style="clear:both;display:block;overflow:hidden;height:0;"></span></div>]]></media:description>
      <media:thumbnail url="https://img.gadgethacks.com/img/40/08/63674789958735/0/pixel-3-xl-vs-galaxy-note-9-best-android-compared.1280x600.jpg" width="1280" height="600" />
      <media:rating scheme="urn:mpaa">g</media:rating>
    </item>
    <item>
      <title>Pixel 3 XL vs. iPhone XS Max: It's a Tough Match Between the Two Large Flagships</title>
      <link>https://android.gadgethacks.com/news/pixel-3-xl-vs-iphone-xs-max-its-tough-match-between-two-large-flagships-0188342/</link>
      <comments>https://android.gadgethacks.com/news/pixel-3-xl-vs-iphone-xs-max-its-tough-match-between-two-large-flagships-0188342/#comments</comments>
      <description><![CDATA[<div><div><center><a href="https://android.gadgethacks.com/news/pixel-3-xl-vs-iphone-xs-max-its-tough-match-between-two-large-flagships-0188342/"><img src="https://img.gadgethacks.com/img/76/40/63674695283763/0/pixel-3-xl-vs-iphone-xs-max-its-tough-match-between-two-large-flagships.1280x600.jpg" width="600" height="280" border="0" /></a></center></div> <p>Besides the Apple vs. Samsung competition, few battles are as vocal as the battle between the best Pixel and best iPhone. This year, it's the Pixel 3 XL and iPhone XS Max, two phones that are equipped with minor hardware updates from their predecessors, though both showcase significant OS-level improvements.

As with most years, each smartphone lines up pretty well against each other. They both have display notches, they both have displays larger than 6 inches, both use OLED technology, and both have stereo speakers. However, the differences in cameras and price will help make the decision for<a href="https://android.gadgethacks.com/news/pixel-3-xl-vs-iphone-xs-max-its-tough-match-between-two-large-flagships-0188342/">... more</a></p><span style="clear:both;display:block;overflow:hidden;height:0;"></span></div>]]></description>
      <content:encoded><![CDATA[<div><div><center><a href="https://android.gadgethacks.com/news/pixel-3-xl-vs-iphone-xs-max-its-tough-match-between-two-large-flagships-0188342/"><img src="https://img.gadgethacks.com/img/76/40/63674695283763/0/pixel-3-xl-vs-iphone-xs-max-its-tough-match-between-two-large-flagships.1280x600.jpg" width="600" height="280" border="0" /></a></center></div> <p>Besides the Apple vs. Samsung competition, few battles are as vocal as the battle between the best Pixel and best iPhone. This year, it's the Pixel 3 XL and iPhone XS Max, two phones that are equipped with minor hardware updates from their predecessors, though both showcase significant OS-level improvements.

As with most years, each smartphone lines up pretty well against each other. They both have display notches, they both have displays larger than 6 inches, both use OLED technology, and both have stereo speakers. However, the differences in cameras and price will help make the decision for<a href="https://android.gadgethacks.com/news/pixel-3-xl-vs-iphone-xs-max-its-tough-match-between-two-large-flagships-0188342/">... more</a></p><span style="clear:both;display:block;overflow:hidden;height:0;"></span></div>]]></content:encoded>
      <pubDate>Tue, 09 Oct 2018 22:44:00 GMT</pubDate>
      <guid isPermaLink="true">https://android.gadgethacks.com/news/pixel-3-xl-vs-iphone-xs-max-its-tough-match-between-two-large-flagships-0188342/</guid>
      <dc:creator xmlns:dc="http://purl.org/dc/elements/1.1/">Jon Knight</dc:creator>
      <dc:publisher xmlns:dc="http://purl.org/dc/elements/1.1/">Gadget Hacks</dc:publisher>
      <media:title>Pixel 3 XL vs. iPhone XS Max: It's a Tough Match Between the Two Large Flagships</media:title>
      <media:description type="html"><![CDATA[<div><div><center><a href="https://android.gadgethacks.com/news/pixel-3-xl-vs-iphone-xs-max-its-tough-match-between-two-large-flagships-0188342/"><img src="https://img.gadgethacks.com/img/76/40/63674695283763/0/pixel-3-xl-vs-iphone-xs-max-its-tough-match-between-two-large-flagships.1280x600.jpg" width="600" height="280" border="0" /></a></center></div> <p>Besides the Apple vs. Samsung competition, few battles are as vocal as the battle between the best Pixel and best iPhone. This year, it's the Pixel 3 XL and iPhone XS Max, two phones that are equipped with minor hardware updates from their predecessors, though both showcase significant OS-level improvements.

As with most years, each smartphone lines up pretty well against each other. They both have display notches, they both have displays larger than 6 inches, both use OLED technology, and both have stereo speakers. However, the differences in cameras and price will help make the decision for<a href="https://android.gadgethacks.com/news/pixel-3-xl-vs-iphone-xs-max-its-tough-match-between-two-large-flagships-0188342/">... more</a></p><span style="clear:both;display:block;overflow:hidden;height:0;"></span></div>]]></media:description>
      <media:thumbnail url="https://img.gadgethacks.com/img/76/40/63674695283763/0/pixel-3-xl-vs-iphone-xs-max-its-tough-match-between-two-large-flagships.1280x600.jpg" width="1280" height="600" />
      <media:rating scheme="urn:mpaa">g</media:rating>
    </item>
    <item>
      <title>Pixel 3 vs. iPhone XS: The Battle of the 'Small' Flagships</title>
      <link>https://android.gadgethacks.com/news/pixel-3-vs-iphone-xs-battle-small-flagships-0188338/</link>
      <comments>https://android.gadgethacks.com/news/pixel-3-vs-iphone-xs-battle-small-flagships-0188338/#comments</comments>
      <description><![CDATA[<div><div><center><a href="https://android.gadgethacks.com/news/pixel-3-vs-iphone-xs-battle-small-flagships-0188338/"><img src="https://img.gadgethacks.com/img/90/51/63674693301216/0/pixel-3-vs-iphone-xs-battle-small-flagships.1280x600.jpg" width="600" height="280" border="0" /></a></center></div> <p>The battle between the Pixels and the iPhones has been heating up over the last few years, and this year's bout is the best one yet, with Google's Pixel 3 taking on Apple's iPhone XS.

Why is 2018's lineup the best competition between the two flagships? Because Google and Apple have both eliminated the notion of an inferior smaller phone, as the Pixel 3 and iPhone XS are virtually the same as their bigger XL and Max counterparts. The only things that are different between the smaller and larger models are display size and battery size.

For the first time, both the smaller and bigger models<a href="https://android.gadgethacks.com/news/pixel-3-vs-iphone-xs-battle-small-flagships-0188338/">... more</a></p><span style="clear:both;display:block;overflow:hidden;height:0;"></span></div>]]></description>
      <content:encoded><![CDATA[<div><div><center><a href="https://android.gadgethacks.com/news/pixel-3-vs-iphone-xs-battle-small-flagships-0188338/"><img src="https://img.gadgethacks.com/img/90/51/63674693301216/0/pixel-3-vs-iphone-xs-battle-small-flagships.1280x600.jpg" width="600" height="280" border="0" /></a></center></div> <p>The battle between the Pixels and the iPhones has been heating up over the last few years, and this year's bout is the best one yet, with Google's Pixel 3 taking on Apple's iPhone XS.

Why is 2018's lineup the best competition between the two flagships? Because Google and Apple have both eliminated the notion of an inferior smaller phone, as the Pixel 3 and iPhone XS are virtually the same as their bigger XL and Max counterparts. The only things that are different between the smaller and larger models are display size and battery size.

For the first time, both the smaller and bigger models<a href="https://android.gadgethacks.com/news/pixel-3-vs-iphone-xs-battle-small-flagships-0188338/">... more</a></p><span style="clear:both;display:block;overflow:hidden;height:0;"></span></div>]]></content:encoded>
      <pubDate>Tue, 09 Oct 2018 22:13:00 GMT</pubDate>
      <guid isPermaLink="true">https://android.gadgethacks.com/news/pixel-3-vs-iphone-xs-battle-small-flagships-0188338/</guid>
      <dc:creator xmlns:dc="http://purl.org/dc/elements/1.1/">Jon Knight</dc:creator>
      <dc:publisher xmlns:dc="http://purl.org/dc/elements/1.1/">Gadget Hacks</dc:publisher>
      <media:title>Pixel 3 vs. iPhone XS: The Battle of the 'Small' Flagships</media:title>
      <media:description type="html"><![CDATA[<div><div><center><a href="https://android.gadgethacks.com/news/pixel-3-vs-iphone-xs-battle-small-flagships-0188338/"><img src="https://img.gadgethacks.com/img/90/51/63674693301216/0/pixel-3-vs-iphone-xs-battle-small-flagships.1280x600.jpg" width="600" height="280" border="0" /></a></center></div> <p>The battle between the Pixels and the iPhones has been heating up over the last few years, and this year's bout is the best one yet, with Google's Pixel 3 taking on Apple's iPhone XS.

Why is 2018's lineup the best competition between the two flagships? Because Google and Apple have both eliminated the notion of an inferior smaller phone, as the Pixel 3 and iPhone XS are virtually the same as their bigger XL and Max counterparts. The only things that are different between the smaller and larger models are display size and battery size.

For the first time, both the smaller and bigger models<a href="https://android.gadgethacks.com/news/pixel-3-vs-iphone-xs-battle-small-flagships-0188338/">... more</a></p><span style="clear:both;display:block;overflow:hidden;height:0;"></span></div>]]></media:description>
      <media:thumbnail url="https://img.gadgethacks.com/img/90/51/63674693301216/0/pixel-3-vs-iphone-xs-battle-small-flagships.1280x600.jpg" width="1280" height="600" />
      <media:rating scheme="urn:mpaa">g</media:rating>
    </item>
    <item>
      <title>Everything You Need to Know About the Google Pixel 3</title>
      <link>https://android.gadgethacks.com/news/everything-you-need-know-about-google-pixel-3-0188182/</link>
      <comments>https://android.gadgethacks.com/news/everything-you-need-know-about-google-pixel-3-0188182/#comments</comments>
      <description><![CDATA[<div><div><center><a href="https://android.gadgethacks.com/news/everything-you-need-know-about-google-pixel-3-0188182/"><img src="https://img.gadgethacks.com/img/04/29/63674676207251/0/everything-you-need-know-about-google-pixel-3.1280x600.jpg" width="600" height="280" border="0" /></a></center></div> <p>With all the controversy around the Pixel 3 XL, the regular-sized Pixel 3 might be the phone of choice for most users. Thanks to the huge boost in screen size, the little brother is now an easier pickup for those who like a bigger screen. And once more, the internals are the same, giving you the same experience as the 3 XL without the display notch.

Leaks were pretty bad this year for the Pixel 3 lineup, with final units reaching several outlets months early, who posted about every nook and cranny online. While some might be a bit disappointed by some of the changes, the overall package makes<a href="https://android.gadgethacks.com/news/everything-you-need-know-about-google-pixel-3-0188182/">... more</a></p><span style="clear:both;display:block;overflow:hidden;height:0;"></span></div>]]></description>
      <content:encoded><![CDATA[<div><div><center><a href="https://android.gadgethacks.com/news/everything-you-need-know-about-google-pixel-3-0188182/"><img src="https://img.gadgethacks.com/img/04/29/63674676207251/0/everything-you-need-know-about-google-pixel-3.1280x600.jpg" width="600" height="280" border="0" /></a></center></div> <p>With all the controversy around the Pixel 3 XL, the regular-sized Pixel 3 might be the phone of choice for most users. Thanks to the huge boost in screen size, the little brother is now an easier pickup for those who like a bigger screen. And once more, the internals are the same, giving you the same experience as the 3 XL without the display notch.

Leaks were pretty bad this year for the Pixel 3 lineup, with final units reaching several outlets months early, who posted about every nook and cranny online. While some might be a bit disappointed by some of the changes, the overall package makes<a href="https://android.gadgethacks.com/news/everything-you-need-know-about-google-pixel-3-0188182/">... more</a></p><span style="clear:both;display:block;overflow:hidden;height:0;"></span></div>]]></content:encoded>
      <pubDate>Tue, 09 Oct 2018 18:16:00 GMT</pubDate>
      <guid isPermaLink="true">https://android.gadgethacks.com/news/everything-you-need-know-about-google-pixel-3-0188182/</guid>
      <dc:creator xmlns:dc="http://purl.org/dc/elements/1.1/">Jon Knight</dc:creator>
      <dc:publisher xmlns:dc="http://purl.org/dc/elements/1.1/">Gadget Hacks</dc:publisher>
      <media:title>Everything You Need to Know About the Google Pixel 3</media:title>
      <media:description type="html"><![CDATA[<div><div><center><a href="https://android.gadgethacks.com/news/everything-you-need-know-about-google-pixel-3-0188182/"><img src="https://img.gadgethacks.com/img/04/29/63674676207251/0/everything-you-need-know-about-google-pixel-3.1280x600.jpg" width="600" height="280" border="0" /></a></center></div> <p>With all the controversy around the Pixel 3 XL, the regular-sized Pixel 3 might be the phone of choice for most users. Thanks to the huge boost in screen size, the little brother is now an easier pickup for those who like a bigger screen. And once more, the internals are the same, giving you the same experience as the 3 XL without the display notch.

Leaks were pretty bad this year for the Pixel 3 lineup, with final units reaching several outlets months early, who posted about every nook and cranny online. While some might be a bit disappointed by some of the changes, the overall package makes<a href="https://android.gadgethacks.com/news/everything-you-need-know-about-google-pixel-3-0188182/">... more</a></p><span style="clear:both;display:block;overflow:hidden;height:0;"></span></div>]]></media:description>
      <media:thumbnail url="https://img.gadgethacks.com/img/04/29/63674676207251/0/everything-you-need-know-about-google-pixel-3.1280x600.jpg" width="1280" height="600" />
      <media:rating scheme="urn:mpaa">g</media:rating>
    </item>
    <item>
      <title>Everything You Need to Know About the Google Pixel 3 XL</title>
      <link>https://android.gadgethacks.com/news/everything-you-need-know-about-google-pixel-3-xl-0188103/</link>
      <comments>https://android.gadgethacks.com/news/everything-you-need-know-about-google-pixel-3-xl-0188103/#comments</comments>
      <description><![CDATA[<div><div><center><a href="https://android.gadgethacks.com/news/everything-you-need-know-about-google-pixel-3-xl-0188103/"><img src="https://img.gadgethacks.com/img/77/78/63674674496094/0/everything-you-need-know-about-google-pixel-3-xl.1280x600.jpg" width="600" height="280" border="0" /></a></center></div> <p>The "controversial" Pixel. No phone in the history of Google's Pixel lineup deserves this title more than the Pixel 3 XL. For some (including myself), the design is a welcome change that embodies the modern design of 2018 flagship phones. For others, it has an ugly huge display notch that destroys symmetry.

As you make your way around the internet checking out hands-on impressions and reviews of the Pixel 3 XL, the primary focus of most users will be the display notch. Is it too big or is it overblown? However, when you look past (if you can) the display notch, you will see a solid upgrade<a href="https://android.gadgethacks.com/news/everything-you-need-know-about-google-pixel-3-xl-0188103/">... more</a></p><span style="clear:both;display:block;overflow:hidden;height:0;"></span></div>]]></description>
      <content:encoded><![CDATA[<div><div><center><a href="https://android.gadgethacks.com/news/everything-you-need-know-about-google-pixel-3-xl-0188103/"><img src="https://img.gadgethacks.com/img/77/78/63674674496094/0/everything-you-need-know-about-google-pixel-3-xl.1280x600.jpg" width="600" height="280" border="0" /></a></center></div> <p>The "controversial" Pixel. No phone in the history of Google's Pixel lineup deserves this title more than the Pixel 3 XL. For some (including myself), the design is a welcome change that embodies the modern design of 2018 flagship phones. For others, it has an ugly huge display notch that destroys symmetry.

As you make your way around the internet checking out hands-on impressions and reviews of the Pixel 3 XL, the primary focus of most users will be the display notch. Is it too big or is it overblown? However, when you look past (if you can) the display notch, you will see a solid upgrade<a href="https://android.gadgethacks.com/news/everything-you-need-know-about-google-pixel-3-xl-0188103/">... more</a></p><span style="clear:both;display:block;overflow:hidden;height:0;"></span></div>]]></content:encoded>
      <pubDate>Tue, 09 Oct 2018 17:32:00 GMT</pubDate>
      <guid isPermaLink="true">https://android.gadgethacks.com/news/everything-you-need-know-about-google-pixel-3-xl-0188103/</guid>
      <dc:creator xmlns:dc="http://purl.org/dc/elements/1.1/">Jon Knight</dc:creator>
      <dc:publisher xmlns:dc="http://purl.org/dc/elements/1.1/">Gadget Hacks</dc:publisher>
      <media:title>Everything You Need to Know About the Google Pixel 3 XL</media:title>
      <media:description type="html"><![CDATA[<div><div><center><a href="https://android.gadgethacks.com/news/everything-you-need-know-about-google-pixel-3-xl-0188103/"><img src="https://img.gadgethacks.com/img/77/78/63674674496094/0/everything-you-need-know-about-google-pixel-3-xl.1280x600.jpg" width="600" height="280" border="0" /></a></center></div> <p>The "controversial" Pixel. No phone in the history of Google's Pixel lineup deserves this title more than the Pixel 3 XL. For some (including myself), the design is a welcome change that embodies the modern design of 2018 flagship phones. For others, it has an ugly huge display notch that destroys symmetry.

As you make your way around the internet checking out hands-on impressions and reviews of the Pixel 3 XL, the primary focus of most users will be the display notch. Is it too big or is it overblown? However, when you look past (if you can) the display notch, you will see a solid upgrade<a href="https://android.gadgethacks.com/news/everything-you-need-know-about-google-pixel-3-xl-0188103/">... more</a></p><span style="clear:both;display:block;overflow:hidden;height:0;"></span></div>]]></media:description>
      <media:thumbnail url="https://img.gadgethacks.com/img/77/78/63674674496094/0/everything-you-need-know-about-google-pixel-3-xl.1280x600.jpg" width="1280" height="600" />
      <media:rating scheme="urn:mpaa">g</media:rating>
    </item>
    <item>
      <title>Nokia 7.1 — HDR Screen, Dual Cameras &amp; Soon to Have Android Pie</title>
      <link>https://android.gadgethacks.com/news/nokia-7-1-hdr-screen-dual-cameras-soon-have-android-pie-0187937/</link>
      <comments>https://android.gadgethacks.com/news/nokia-7-1-hdr-screen-dual-cameras-soon-have-android-pie-0187937/#comments</comments>
      <description><![CDATA[<div><div><center><a href="https://android.gadgethacks.com/news/nokia-7-1-hdr-screen-dual-cameras-soon-have-android-pie-0187937/"><img src="https://img.gadgethacks.com/img/77/13/63674331009219/0/nokia-7-1-hdr-screen-dual-cameras-soon-have-android-pie.1280x600.jpg" width="600" height="280" border="0" /></a></center></div> <p>Even with all the success HMD had with reviving the Nokia brand in 2017, it seems their second year is shaping up to be even better. Nokia has been steadily releasing sequels to last year's lineup, most with the new minimal bezel design language. The Nokia 7.1 is just their latest creation.

If you didn't know the price tag, you'd think the Nokia 7.1 was much more expensive. Aside from its Snapdragon 600 series chipset (which is a more than capable SoC), Nokia's manufacturer, HMD, didn't skimp on the 7.1. It offers similar specs to phones twice its price and shares a similar modern look as<a href="https://android.gadgethacks.com/news/nokia-7-1-hdr-screen-dual-cameras-soon-have-android-pie-0187937/">... more</a></p><span style="clear:both;display:block;overflow:hidden;height:0;"></span></div>]]></description>
      <content:encoded><![CDATA[<div><div><center><a href="https://android.gadgethacks.com/news/nokia-7-1-hdr-screen-dual-cameras-soon-have-android-pie-0187937/"><img src="https://img.gadgethacks.com/img/77/13/63674331009219/0/nokia-7-1-hdr-screen-dual-cameras-soon-have-android-pie.1280x600.jpg" width="600" height="280" border="0" /></a></center></div> <p>Even with all the success HMD had with reviving the Nokia brand in 2017, it seems their second year is shaping up to be even better. Nokia has been steadily releasing sequels to last year's lineup, most with the new minimal bezel design language. The Nokia 7.1 is just their latest creation.

If you didn't know the price tag, you'd think the Nokia 7.1 was much more expensive. Aside from its Snapdragon 600 series chipset (which is a more than capable SoC), Nokia's manufacturer, HMD, didn't skimp on the 7.1. It offers similar specs to phones twice its price and shares a similar modern look as<a href="https://android.gadgethacks.com/news/nokia-7-1-hdr-screen-dual-cameras-soon-have-android-pie-0187937/">... more</a></p><span style="clear:both;display:block;overflow:hidden;height:0;"></span></div>]]></content:encoded>
      <pubDate>Fri, 05 Oct 2018 19:12:00 GMT</pubDate>
      <guid isPermaLink="true">https://android.gadgethacks.com/news/nokia-7-1-hdr-screen-dual-cameras-soon-have-android-pie-0187937/</guid>
      <dc:creator xmlns:dc="http://purl.org/dc/elements/1.1/">Jon Knight</dc:creator>
      <dc:publisher xmlns:dc="http://purl.org/dc/elements/1.1/">Gadget Hacks</dc:publisher>
      <media:title>Nokia 7.1 — HDR Screen, Dual Cameras &amp; Soon to Have Android Pie</media:title>
      <media:description type="html"><![CDATA[<div><div><center><a href="https://android.gadgethacks.com/news/nokia-7-1-hdr-screen-dual-cameras-soon-have-android-pie-0187937/"><img src="https://img.gadgethacks.com/img/77/13/63674331009219/0/nokia-7-1-hdr-screen-dual-cameras-soon-have-android-pie.1280x600.jpg" width="600" height="280" border="0" /></a></center></div> <p>Even with all the success HMD had with reviving the Nokia brand in 2017, it seems their second year is shaping up to be even better. Nokia has been steadily releasing sequels to last year's lineup, most with the new minimal bezel design language. The Nokia 7.1 is just their latest creation.

If you didn't know the price tag, you'd think the Nokia 7.1 was much more expensive. Aside from its Snapdragon 600 series chipset (which is a more than capable SoC), Nokia's manufacturer, HMD, didn't skimp on the 7.1. It offers similar specs to phones twice its price and shares a similar modern look as<a href="https://android.gadgethacks.com/news/nokia-7-1-hdr-screen-dual-cameras-soon-have-android-pie-0187937/">... more</a></p><span style="clear:both;display:block;overflow:hidden;height:0;"></span></div>]]></media:description>
      <media:thumbnail url="https://img.gadgethacks.com/img/77/13/63674331009219/0/nokia-7-1-hdr-screen-dual-cameras-soon-have-android-pie.1280x600.jpg" width="1280" height="600" />
      <media:rating scheme="urn:mpaa">g</media:rating>
    </item>
    <item>
      <title>How to Update Your Rooted Phone</title>
      <link>https://android.gadgethacks.com/how-to/update-your-rooted-phone-0187882/</link>
      <comments>https://android.gadgethacks.com/how-to/update-your-rooted-phone-0187882/#comments</comments>
      <description><![CDATA[<div><div><center><a href="https://android.gadgethacks.com/how-to/update-your-rooted-phone-0187882/"><img src="https://img.gadgethacks.com/img/44/99/63674265946888/0/update-your-rooted-phone.1280x600.jpg" width="600" height="280" border="0" /></a></center></div> <p>One of the issues with rooting your device is the inability to update your phone via OTA. Any security patches or software updates pushed out by the OEM are lost because your bootloader is unlocked. However, you still can update your device, it just a take a bit more effort.

Because OTA updates are designed for stock firmware, any modifications can cause issues with the installation of the software updates. While you can easily ignore this, OTAs are important.

OTAs are more than just security patches and software updates. Many OEMs will package new features and bug fixes that improve the<a href="https://android.gadgethacks.com/how-to/update-your-rooted-phone-0187882/">... more</a></p><span style="clear:both;display:block;overflow:hidden;height:0;"></span></div>]]></description>
      <content:encoded><![CDATA[<div><div><center><a href="https://android.gadgethacks.com/how-to/update-your-rooted-phone-0187882/"><img src="https://img.gadgethacks.com/img/44/99/63674265946888/0/update-your-rooted-phone.1280x600.jpg" width="600" height="280" border="0" /></a></center></div> <p>One of the issues with rooting your device is the inability to update your phone via OTA. Any security patches or software updates pushed out by the OEM are lost because your bootloader is unlocked. However, you still can update your device, it just a take a bit more effort.

Because OTA updates are designed for stock firmware, any modifications can cause issues with the installation of the software updates. While you can easily ignore this, OTAs are important.

OTAs are more than just security patches and software updates. Many OEMs will package new features and bug fixes that improve the<a href="https://android.gadgethacks.com/how-to/update-your-rooted-phone-0187882/">... more</a></p><span style="clear:both;display:block;overflow:hidden;height:0;"></span></div>]]></content:encoded>
      <pubDate>Thu, 04 Oct 2018 23:52:00 GMT</pubDate>
      <guid isPermaLink="true">https://android.gadgethacks.com/how-to/update-your-rooted-phone-0187882/</guid>
      <dc:creator xmlns:dc="http://purl.org/dc/elements/1.1/">Jon Knight</dc:creator>
      <dc:publisher xmlns:dc="http://purl.org/dc/elements/1.1/">Gadget Hacks</dc:publisher>
      <media:title>How to Update Your Rooted Phone</media:title>
      <media:description type="html"><![CDATA[<div><div><center><a href="https://android.gadgethacks.com/how-to/update-your-rooted-phone-0187882/"><img src="https://img.gadgethacks.com/img/44/99/63674265946888/0/update-your-rooted-phone.1280x600.jpg" width="600" height="280" border="0" /></a></center></div> <p>One of the issues with rooting your device is the inability to update your phone via OTA. Any security patches or software updates pushed out by the OEM are lost because your bootloader is unlocked. However, you still can update your device, it just a take a bit more effort.

Because OTA updates are designed for stock firmware, any modifications can cause issues with the installation of the software updates. While you can easily ignore this, OTAs are important.

OTAs are more than just security patches and software updates. Many OEMs will package new features and bug fixes that improve the<a href="https://android.gadgethacks.com/how-to/update-your-rooted-phone-0187882/">... more</a></p><span style="clear:both;display:block;overflow:hidden;height:0;"></span></div>]]></media:description>
      <media:thumbnail url="https://img.gadgethacks.com/img/44/99/63674265946888/0/update-your-rooted-phone.1280x600.jpg" width="1280" height="600" />
      <media:rating scheme="urn:mpaa">g</media:rating>
    </item>
    <item>
      <title>How to Completely Disable Bixby on Your Samsung Galaxy</title>
      <link>https://android.gadgethacks.com/how-to/completely-disable-bixby-your-samsung-galaxy-0187578/</link>
      <comments>https://android.gadgethacks.com/how-to/completely-disable-bixby-your-samsung-galaxy-0187578/#comments</comments>
      <description><![CDATA[<div><div><center><a href="https://android.gadgethacks.com/how-to/completely-disable-bixby-your-samsung-galaxy-0187578/"><img src="https://img.gadgethacks.com/img/59/73/63674181241810/0/completely-disable-bixby-your-samsung-galaxy.1280x600.jpg" width="600" height="280" border="0" /></a></center></div> <p>Sorry Samsung. I know you really wanted Bixby to be the next Siri, Google Assistant, or Alexa — but it just isn't. Burying the option to disable the app won't change that. Sure, Bixby has some redeeming qualities, but there are many of us who don't want it shoved down our throats. We'll show you how to disable the app to prevent it from launching every time you try to access just about anything.

You might be wondering what we're even talking about — perhaps the option to disable Bixby is right there in the settings. While this is true for many, this has not been the case with the Galaxy Note<a href="https://android.gadgethacks.com/how-to/completely-disable-bixby-your-samsung-galaxy-0187578/">... more</a></p><span style="clear:both;display:block;overflow:hidden;height:0;"></span></div>]]></description>
      <content:encoded><![CDATA[<div><div><center><a href="https://android.gadgethacks.com/how-to/completely-disable-bixby-your-samsung-galaxy-0187578/"><img src="https://img.gadgethacks.com/img/59/73/63674181241810/0/completely-disable-bixby-your-samsung-galaxy.1280x600.jpg" width="600" height="280" border="0" /></a></center></div> <p>Sorry Samsung. I know you really wanted Bixby to be the next Siri, Google Assistant, or Alexa — but it just isn't. Burying the option to disable the app won't change that. Sure, Bixby has some redeeming qualities, but there are many of us who don't want it shoved down our throats. We'll show you how to disable the app to prevent it from launching every time you try to access just about anything.

You might be wondering what we're even talking about — perhaps the option to disable Bixby is right there in the settings. While this is true for many, this has not been the case with the Galaxy Note<a href="https://android.gadgethacks.com/how-to/completely-disable-bixby-your-samsung-galaxy-0187578/">... more</a></p><span style="clear:both;display:block;overflow:hidden;height:0;"></span></div>]]></content:encoded>
      <pubDate>Thu, 04 Oct 2018 10:00:00 GMT</pubDate>
      <guid isPermaLink="true">https://android.gadgethacks.com/how-to/completely-disable-bixby-your-samsung-galaxy-0187578/</guid>
      <dc:creator xmlns:dc="http://purl.org/dc/elements/1.1/">Delani Clatfelter</dc:creator>
      <dc:publisher xmlns:dc="http://purl.org/dc/elements/1.1/">Gadget Hacks</dc:publisher>
      <media:title>How to Completely Disable Bixby on Your Samsung Galaxy</media:title>
      <media:description type="html"><![CDATA[<div><div><center><a href="https://android.gadgethacks.com/how-to/completely-disable-bixby-your-samsung-galaxy-0187578/"><img src="https://img.gadgethacks.com/img/59/73/63674181241810/0/completely-disable-bixby-your-samsung-galaxy.1280x600.jpg" width="600" height="280" border="0" /></a></center></div> <p>Sorry Samsung. I know you really wanted Bixby to be the next Siri, Google Assistant, or Alexa — but it just isn't. Burying the option to disable the app won't change that. Sure, Bixby has some redeeming qualities, but there are many of us who don't want it shoved down our throats. We'll show you how to disable the app to prevent it from launching every time you try to access just about anything.

You might be wondering what we're even talking about — perhaps the option to disable Bixby is right there in the settings. While this is true for many, this has not been the case with the Galaxy Note<a href="https://android.gadgethacks.com/how-to/completely-disable-bixby-your-samsung-galaxy-0187578/">... more</a></p><span style="clear:both;display:block;overflow:hidden;height:0;"></span></div>]]></media:description>
      <media:thumbnail url="https://img.gadgethacks.com/img/59/73/63674181241810/0/completely-disable-bixby-your-samsung-galaxy.1280x600.jpg" width="1280" height="600" />
      <media:rating scheme="urn:mpaa">g</media:rating>
    </item>
    <item>
      <title>How to Remove All Bloatware on Your Galaxy Note 9</title>
      <link>https://android.gadgethacks.com/how-to/remove-all-bloatware-your-galaxy-note-9-0187799/</link>
      <comments>https://android.gadgethacks.com/how-to/remove-all-bloatware-your-galaxy-note-9-0187799/#comments</comments>
      <description><![CDATA[<div><div><center><a href="https://android.gadgethacks.com/how-to/remove-all-bloatware-your-galaxy-note-9-0187799/"><img src="https://img.gadgethacks.com/img/18/04/63674186203998/0/remove-all-bloatware-your-galaxy-note-9.1280x600.jpg" width="600" height="280" border="0" /></a></center></div> <p>Although the Galaxy Note 9 is an amazing phone, many members of the Android community won't even look at it. This isn't just because of the Samsung Experience skin, but the large amount of bloatware that comes with this device. However, with a little work, you can remove all of it.

With a computer and a USB cable, you can disable any app that comes preinstalled on the Samsung Galaxy Note 9, including system apps that Samsung prevents you from uninstalling or disabling. Disabled apps will act as if they are uninstalled unless you factory reset the phone. Only during a factory reset will the<a href="https://android.gadgethacks.com/how-to/remove-all-bloatware-your-galaxy-note-9-0187799/">... more</a></p><span style="clear:both;display:block;overflow:hidden;height:0;"></span></div>]]></description>
      <content:encoded><![CDATA[<div><div><center><a href="https://android.gadgethacks.com/how-to/remove-all-bloatware-your-galaxy-note-9-0187799/"><img src="https://img.gadgethacks.com/img/18/04/63674186203998/0/remove-all-bloatware-your-galaxy-note-9.1280x600.jpg" width="600" height="280" border="0" /></a></center></div> <p>Although the Galaxy Note 9 is an amazing phone, many members of the Android community won't even look at it. This isn't just because of the Samsung Experience skin, but the large amount of bloatware that comes with this device. However, with a little work, you can remove all of it.

With a computer and a USB cable, you can disable any app that comes preinstalled on the Samsung Galaxy Note 9, including system apps that Samsung prevents you from uninstalling or disabling. Disabled apps will act as if they are uninstalled unless you factory reset the phone. Only during a factory reset will the<a href="https://android.gadgethacks.com/how-to/remove-all-bloatware-your-galaxy-note-9-0187799/">... more</a></p><span style="clear:both;display:block;overflow:hidden;height:0;"></span></div>]]></content:encoded>
      <pubDate>Thu, 04 Oct 2018 01:06:00 GMT</pubDate>
      <guid isPermaLink="true">https://android.gadgethacks.com/how-to/remove-all-bloatware-your-galaxy-note-9-0187799/</guid>
      <dc:creator xmlns:dc="http://purl.org/dc/elements/1.1/">Jon Knight</dc:creator>
      <dc:publisher xmlns:dc="http://purl.org/dc/elements/1.1/">Gadget Hacks</dc:publisher>
      <media:title>How to Remove All Bloatware on Your Galaxy Note 9</media:title>
      <media:description type="html"><![CDATA[<div><div><center><a href="https://android.gadgethacks.com/how-to/remove-all-bloatware-your-galaxy-note-9-0187799/"><img src="https://img.gadgethacks.com/img/18/04/63674186203998/0/remove-all-bloatware-your-galaxy-note-9.1280x600.jpg" width="600" height="280" border="0" /></a></center></div> <p>Although the Galaxy Note 9 is an amazing phone, many members of the Android community won't even look at it. This isn't just because of the Samsung Experience skin, but the large amount of bloatware that comes with this device. However, with a little work, you can remove all of it.

With a computer and a USB cable, you can disable any app that comes preinstalled on the Samsung Galaxy Note 9, including system apps that Samsung prevents you from uninstalling or disabling. Disabled apps will act as if they are uninstalled unless you factory reset the phone. Only during a factory reset will the<a href="https://android.gadgethacks.com/how-to/remove-all-bloatware-your-galaxy-note-9-0187799/">... more</a></p><span style="clear:both;display:block;overflow:hidden;height:0;"></span></div>]]></media:description>
      <media:thumbnail url="https://img.gadgethacks.com/img/18/04/63674186203998/0/remove-all-bloatware-your-galaxy-note-9.1280x600.jpg" width="1280" height="600" />
      <media:rating scheme="urn:mpaa">g</media:rating>
    </item>
    <item>
      <title>Boldbeast Lets You Record Calls on Any Android Phone — with or Without Root</title>
      <link>https://android.gadgethacks.com/how-to/boldbeast-lets-you-record-calls-any-android-phone-with-without-root-0187782/</link>
      <comments>https://android.gadgethacks.com/how-to/boldbeast-lets-you-record-calls-any-android-phone-with-without-root-0187782/#comments</comments>
      <description><![CDATA[<div><div><center><a href="https://android.gadgethacks.com/how-to/boldbeast-lets-you-record-calls-any-android-phone-with-without-root-0187782/"><img src="https://img.gadgethacks.com/img/95/48/63674084149075/0/boldbeast-lets-you-record-calls-any-android-phone-with-without-root.1280x600.jpg" width="600" height="280" border="0" /></a></center></div> <p>Many apps claim to record phone calls on Android, but very few actually deliver. There's just too many different devices floating around out there for one app to be able to support them all — or so it would seem.

The development team at Boldbeast Software may have finally solved this issue with a highly customizable call recording app that can be configured to work on almost any Android phone. That may sound a bit complicated, but for most phones, setup is about as simple as it gets — what's more, it doesn't even require root in most cases.

Don't Miss: Extract & Back Up All of Your Text<a href="https://android.gadgethacks.com/how-to/boldbeast-lets-you-record-calls-any-android-phone-with-without-root-0187782/">... more</a></p><span style="clear:both;display:block;overflow:hidden;height:0;"></span></div>]]></description>
      <content:encoded><![CDATA[<div><div><center><a href="https://android.gadgethacks.com/how-to/boldbeast-lets-you-record-calls-any-android-phone-with-without-root-0187782/"><img src="https://img.gadgethacks.com/img/95/48/63674084149075/0/boldbeast-lets-you-record-calls-any-android-phone-with-without-root.1280x600.jpg" width="600" height="280" border="0" /></a></center></div> <p>Many apps claim to record phone calls on Android, but very few actually deliver. There's just too many different devices floating around out there for one app to be able to support them all — or so it would seem.

The development team at Boldbeast Software may have finally solved this issue with a highly customizable call recording app that can be configured to work on almost any Android phone. That may sound a bit complicated, but for most phones, setup is about as simple as it gets — what's more, it doesn't even require root in most cases.

Don't Miss: Extract & Back Up All of Your Text<a href="https://android.gadgethacks.com/how-to/boldbeast-lets-you-record-calls-any-android-phone-with-without-root-0187782/">... more</a></p><span style="clear:both;display:block;overflow:hidden;height:0;"></span></div>]]></content:encoded>
      <pubDate>Thu, 04 Oct 2018 00:38:00 GMT</pubDate>
      <guid isPermaLink="true">https://android.gadgethacks.com/how-to/boldbeast-lets-you-record-calls-any-android-phone-with-without-root-0187782/</guid>
      <dc:creator xmlns:dc="http://purl.org/dc/elements/1.1/">Amboy Manalo</dc:creator>
      <dc:publisher xmlns:dc="http://purl.org/dc/elements/1.1/">Gadget Hacks</dc:publisher>
      <media:title>Boldbeast Lets You Record Calls on Any Android Phone — with or Without Root</media:title>
      <media:description type="html"><![CDATA[<div><div><center><a href="https://android.gadgethacks.com/how-to/boldbeast-lets-you-record-calls-any-android-phone-with-without-root-0187782/"><img src="https://img.gadgethacks.com/img/95/48/63674084149075/0/boldbeast-lets-you-record-calls-any-android-phone-with-without-root.1280x600.jpg" width="600" height="280" border="0" /></a></center></div> <p>Many apps claim to record phone calls on Android, but very few actually deliver. There's just too many different devices floating around out there for one app to be able to support them all — or so it would seem.

The development team at Boldbeast Software may have finally solved this issue with a highly customizable call recording app that can be configured to work on almost any Android phone. That may sound a bit complicated, but for most phones, setup is about as simple as it gets — what's more, it doesn't even require root in most cases.

Don't Miss: Extract & Back Up All of Your Text<a href="https://android.gadgethacks.com/how-to/boldbeast-lets-you-record-calls-any-android-phone-with-without-root-0187782/">... more</a></p><span style="clear:both;display:block;overflow:hidden;height:0;"></span></div>]]></media:description>
      <media:thumbnail url="https://img.gadgethacks.com/img/95/48/63674084149075/0/boldbeast-lets-you-record-calls-any-android-phone-with-without-root.1280x600.jpg" width="1280" height="600" />
      <media:rating scheme="urn:mpaa">g</media:rating>
      <media:content duration="114" medium="video" lang="en" />
      <media:player url="https://android.gadgethacks.com/how-to/boldbeast-lets-you-record-calls-any-android-phone-with-without-root-0187782/" />
    </item>
    <item>
      <title>How to Root Your Essential PH-1 with Magisk</title>
      <link>https://android.gadgethacks.com/how-to/root-your-essential-ph-1-with-magisk-0187784/</link>
      <comments>https://android.gadgethacks.com/how-to/root-your-essential-ph-1-with-magisk-0187784/#comments</comments>
      <description><![CDATA[<div><div><center><a href="https://android.gadgethacks.com/how-to/root-your-essential-ph-1-with-magisk-0187784/"><img src="https://img.gadgethacks.com/img/99/59/63674007970950/0/root-your-essential-ph-1-with-magisk.1280x600.jpg" width="600" height="280" border="0" /></a></center></div> <p>Despite its rocky start, the Essential PH-1 has a lot going for it. Not only does it get consistent security patches and system updates hours after the Pixels, but like the Google-developed lineup, it's also great for rooting. Not only is your warranty not void with rooting, but the process is pretty straightforward.

For those new to rooting, you may have heard some conflicting reports about it all. On one side, you will have a loud group declaring rooting useless at this point in Android's lifecycle. On the other side is the Android community who enjoy the additional freedom and control that<a href="https://android.gadgethacks.com/how-to/root-your-essential-ph-1-with-magisk-0187784/">... more</a></p><span style="clear:both;display:block;overflow:hidden;height:0;"></span></div>]]></description>
      <content:encoded><![CDATA[<div><div><center><a href="https://android.gadgethacks.com/how-to/root-your-essential-ph-1-with-magisk-0187784/"><img src="https://img.gadgethacks.com/img/99/59/63674007970950/0/root-your-essential-ph-1-with-magisk.1280x600.jpg" width="600" height="280" border="0" /></a></center></div> <p>Despite its rocky start, the Essential PH-1 has a lot going for it. Not only does it get consistent security patches and system updates hours after the Pixels, but like the Google-developed lineup, it's also great for rooting. Not only is your warranty not void with rooting, but the process is pretty straightforward.

For those new to rooting, you may have heard some conflicting reports about it all. On one side, you will have a loud group declaring rooting useless at this point in Android's lifecycle. On the other side is the Android community who enjoy the additional freedom and control that<a href="https://android.gadgethacks.com/how-to/root-your-essential-ph-1-with-magisk-0187784/">... more</a></p><span style="clear:both;display:block;overflow:hidden;height:0;"></span></div>]]></content:encoded>
      <pubDate>Tue, 02 Oct 2018 00:37:00 GMT</pubDate>
      <guid isPermaLink="true">https://android.gadgethacks.com/how-to/root-your-essential-ph-1-with-magisk-0187784/</guid>
      <dc:creator xmlns:dc="http://purl.org/dc/elements/1.1/">Jon Knight</dc:creator>
      <dc:publisher xmlns:dc="http://purl.org/dc/elements/1.1/">Gadget Hacks</dc:publisher>
      <media:title>How to Root Your Essential PH-1 with Magisk</media:title>
      <media:description type="html"><![CDATA[<div><div><center><a href="https://android.gadgethacks.com/how-to/root-your-essential-ph-1-with-magisk-0187784/"><img src="https://img.gadgethacks.com/img/99/59/63674007970950/0/root-your-essential-ph-1-with-magisk.1280x600.jpg" width="600" height="280" border="0" /></a></center></div> <p>Despite its rocky start, the Essential PH-1 has a lot going for it. Not only does it get consistent security patches and system updates hours after the Pixels, but like the Google-developed lineup, it's also great for rooting. Not only is your warranty not void with rooting, but the process is pretty straightforward.

For those new to rooting, you may have heard some conflicting reports about it all. On one side, you will have a loud group declaring rooting useless at this point in Android's lifecycle. On the other side is the Android community who enjoy the additional freedom and control that<a href="https://android.gadgethacks.com/how-to/root-your-essential-ph-1-with-magisk-0187784/">... more</a></p><span style="clear:both;display:block;overflow:hidden;height:0;"></span></div>]]></media:description>
      <media:thumbnail url="https://img.gadgethacks.com/img/99/59/63674007970950/0/root-your-essential-ph-1-with-magisk.1280x600.jpg" width="1280" height="600" />
      <media:rating scheme="urn:mpaa">g</media:rating>
    </item>
    <item>
      <title>How to Install a Custom Kernel on the Essential PH-1</title>
      <link>https://android.gadgethacks.com/how-to/install-custom-kernel-essential-ph-1-0187781/</link>
      <comments>https://android.gadgethacks.com/how-to/install-custom-kernel-essential-ph-1-0187781/#comments</comments>
      <description><![CDATA[<div><div><center><a href="https://android.gadgethacks.com/how-to/install-custom-kernel-essential-ph-1-0187781/"><img src="https://img.gadgethacks.com/img/87/50/63674006259997/0/install-custom-kernel-essential-ph-1.1280x600.jpg" width="600" height="280" border="0" /></a></center></div> <p>When you unlock the bootloader on your Essential PH-1, you open your device to a host of new possible tweaks. One popular modification is a custom kernel, which can not only speed up your phone, but give you new features that wouldn't be possible otherwise.

The kernel controls the communication between the software and the hardware. With a custom kernel, you get unprecedented access to the hardware. Back in the day, this was limited to the ability to overclock (or underclock) the CPU and apply custom performance profiles. However, new custom kernels now offer even more features, including the<a href="https://android.gadgethacks.com/how-to/install-custom-kernel-essential-ph-1-0187781/">... more</a></p><span style="clear:both;display:block;overflow:hidden;height:0;"></span></div>]]></description>
      <content:encoded><![CDATA[<div><div><center><a href="https://android.gadgethacks.com/how-to/install-custom-kernel-essential-ph-1-0187781/"><img src="https://img.gadgethacks.com/img/87/50/63674006259997/0/install-custom-kernel-essential-ph-1.1280x600.jpg" width="600" height="280" border="0" /></a></center></div> <p>When you unlock the bootloader on your Essential PH-1, you open your device to a host of new possible tweaks. One popular modification is a custom kernel, which can not only speed up your phone, but give you new features that wouldn't be possible otherwise.

The kernel controls the communication between the software and the hardware. With a custom kernel, you get unprecedented access to the hardware. Back in the day, this was limited to the ability to overclock (or underclock) the CPU and apply custom performance profiles. However, new custom kernels now offer even more features, including the<a href="https://android.gadgethacks.com/how-to/install-custom-kernel-essential-ph-1-0187781/">... more</a></p><span style="clear:both;display:block;overflow:hidden;height:0;"></span></div>]]></content:encoded>
      <pubDate>Mon, 01 Oct 2018 23:19:00 GMT</pubDate>
      <guid isPermaLink="true">https://android.gadgethacks.com/how-to/install-custom-kernel-essential-ph-1-0187781/</guid>
      <dc:creator xmlns:dc="http://purl.org/dc/elements/1.1/">Jon Knight</dc:creator>
      <dc:publisher xmlns:dc="http://purl.org/dc/elements/1.1/">Gadget Hacks</dc:publisher>
      <media:title>How to Install a Custom Kernel on the Essential PH-1</media:title>
      <media:description type="html"><![CDATA[<div><div><center><a href="https://android.gadgethacks.com/how-to/install-custom-kernel-essential-ph-1-0187781/"><img src="https://img.gadgethacks.com/img/87/50/63674006259997/0/install-custom-kernel-essential-ph-1.1280x600.jpg" width="600" height="280" border="0" /></a></center></div> <p>When you unlock the bootloader on your Essential PH-1, you open your device to a host of new possible tweaks. One popular modification is a custom kernel, which can not only speed up your phone, but give you new features that wouldn't be possible otherwise.

The kernel controls the communication between the software and the hardware. With a custom kernel, you get unprecedented access to the hardware. Back in the day, this was limited to the ability to overclock (or underclock) the CPU and apply custom performance profiles. However, new custom kernels now offer even more features, including the<a href="https://android.gadgethacks.com/how-to/install-custom-kernel-essential-ph-1-0187781/">... more</a></p><span style="clear:both;display:block;overflow:hidden;height:0;"></span></div>]]></media:description>
      <media:thumbnail url="https://img.gadgethacks.com/img/87/50/63674006259997/0/install-custom-kernel-essential-ph-1.1280x600.jpg" width="1280" height="600" />
      <media:rating scheme="urn:mpaa">g</media:rating>
    </item>
  </channel>
</rss>