<?xml version="1.0" encoding="UTF-8"?>
<OpenSearchDescription xmlns="http://a9.com/-/spec/opensearch/1.1/">
  <ShortName>SlideShare Search</ShortName>
  <Description>Search for content on SlideShare</Description>
  <Tags>slideshare presentation</Tags>
  <Image height="16" width="16" type="image/vnd.microsoft.icon">http://public.slidesharecdn.com/images/favicon.ico</Image>
  <Url type="text/html" template="http://www.slideshare.net/search?q={searchTerms}&amp;utm_source=opensearch&amp;searchfrom=opensearch" />
  <Query role="example" searchTerms="cat" />
</OpenSearchDescription>
