<?xml version="1.0" encoding="UTF-8"?>
<OpenSearchDescription xmlns="http://a9.com/-/spec/opensearch/1.1/" xmlns:moz="http://www.mozilla.org/2006/browser/search/">
  <ShortName>Android Developers</ShortName>
  <Description>Search Android Developers resources.</Description>
  <InputEncoding>UTF-8</InputEncoding>
  <Image width="16" height="16" type="image/x-icon">https://developer.android.com/favicon.ico</Image>
  <Url type="text/html" method="get" template="https://developer.android.com/s/results?q={searchTerms}"></Url>
</OpenSearchDescription>
