<?xml version="1.0" encoding="utf-8"?>
<feed xmlns="http://www.w3.org/2005/Atom" xml:lang="en">



<title type="text">Hannes Dorfmann</title>
<generator uri="https://github.com/mojombo/jekyll">Jekyll</generator>
<link rel="self" type="application/atom+xml" href="http://hannesdorfmann.com/feed.xml" />
<link rel="alternate" type="text/html" href="http://hannesdorfmann.com/" />
<updated>2018-05-13T22:54:18+02:00</updated>
<id>http://hannesdorfmann.com/</id>
<author>
  <name>Hannes Dorfmann</name>
  <uri>http://hannesdorfmann.com/</uri>
</author>


<entry>
  <title type="html"><![CDATA[Reactive Apps with Model-View-Intent - Part 8 - Navigation]]></title>
  <link rel="alternate" type="text/html" href="http://hannesdorfmann.com/android/mosby3-mvi-8"/>
  <id>http://hannesdorfmann.com/android/mosby3-mvi-8</id>
  <published>2018-05-06T00:00:00+02:00</published>
  <updated>2018-05-06T00:00:00+02:00</updated>
  <author>
    <name>Hannes Dorfmann</name>
    <uri>http://hannesdorfmann.com</uri>
  </author>
  <category scheme="http://hannesdorfmann.com/tags/#android" term="android" /><category scheme="http://hannesdorfmann.com/tags/#software-architecture" term="software-architecture" /><category scheme="http://hannesdorfmann.com/tags/#in-app-navigation" term="in-app-navigation" />
  <content type="html">
  &lt;p&gt;&lt;a href=&quot;http://hannesdorfmann.com/android/mosby3-mvi-8&quot;&gt;Reactive Apps with Model-View-Intent - Part 8 - Navigation&lt;/a&gt; was originally published by Hannes Dorfmann at &lt;a href=&quot;http://hannesdorfmann.com&quot;&gt;Hannes Dorfmann&lt;/a&gt; on May 06, 2018.&lt;/p&gt;
  </content>
</entry>


<entry>
  <title type="html"><![CDATA[In-App Navigation with Coordinators]]></title>
  <link rel="alternate" type="text/html" href="http://hannesdorfmann.com/android/coordinators-android"/>
  <id>http://hannesdorfmann.com/android/coordinators-android</id>
  <published>2018-05-05T00:00:00+02:00</published>
  <updated>2018-05-05T00:00:00+02:00</updated>
  <author>
    <name>Hannes Dorfmann</name>
    <uri>http://hannesdorfmann.com</uri>
  </author>
  <category scheme="http://hannesdorfmann.com/tags/#android" term="android" /><category scheme="http://hannesdorfmann.com/tags/#software-architecture" term="software-architecture" /><category scheme="http://hannesdorfmann.com/tags/#in-app-navigation" term="in-app-navigation" />
  <content type="html">
  &lt;p&gt;&lt;a href=&quot;http://hannesdorfmann.com/android/coordinators-android&quot;&gt;In-App Navigation with Coordinators&lt;/a&gt; was originally published by Hannes Dorfmann at &lt;a href=&quot;http://hannesdorfmann.com&quot;&gt;Hannes Dorfmann&lt;/a&gt; on May 05, 2018.&lt;/p&gt;
  </content>
</entry>


<entry>
  <title type="html"><![CDATA[Reactive Apps with Model-View-Intent - Part7 - Timing (SingleLiveEvent problem)]]></title>
  <link rel="alternate" type="text/html" href="http://hannesdorfmann.com/android/mosby3-mvi-7"/>
  <id>http://hannesdorfmann.com/android/mosby3-mvi-7</id>
  <published>2017-09-13T00:00:00+02:00</published>
  <updated>2017-09-13T00:00:00+02:00</updated>
  <author>
    <name>Hannes Dorfmann</name>
    <uri>http://hannesdorfmann.com</uri>
  </author>
  <category scheme="http://hannesdorfmann.com/tags/#android" term="android" /><category scheme="http://hannesdorfmann.com/tags/#software-architecture" term="software-architecture" />
  <content type="html">
  &lt;p&gt;&lt;a href=&quot;http://hannesdorfmann.com/android/mosby3-mvi-7&quot;&gt;Reactive Apps with Model-View-Intent - Part7 - Timing (SingleLiveEvent problem)&lt;/a&gt; was originally published by Hannes Dorfmann at &lt;a href=&quot;http://hannesdorfmann.com&quot;&gt;Hannes Dorfmann&lt;/a&gt; on September 13, 2017.&lt;/p&gt;
  </content>
</entry>


<entry>
  <title type="html"><![CDATA[Architecture Components - I'm not a purist but ...]]></title>
  <link rel="alternate" type="text/html" href="http://hannesdorfmann.com/android/arch-components-purist"/>
  <id>http://hannesdorfmann.com/android/arch-components-purist</id>
  <published>2017-06-25T00:00:00+02:00</published>
  <updated>2017-06-25T00:00:00+02:00</updated>
  <author>
    <name>Hannes Dorfmann</name>
    <uri>http://hannesdorfmann.com</uri>
  </author>
  <category scheme="http://hannesdorfmann.com/tags/#android" term="android" /><category scheme="http://hannesdorfmann.com/tags/#software-architecture" term="software-architecture" />
  <content type="html">
  &lt;p&gt;&lt;a href=&quot;http://hannesdorfmann.com/android/arch-components-purist&quot;&gt;Architecture Components - I'm not a purist but ...&lt;/a&gt; was originally published by Hannes Dorfmann at &lt;a href=&quot;http://hannesdorfmann.com&quot;&gt;Hannes Dorfmann&lt;/a&gt; on June 25, 2017.&lt;/p&gt;
  </content>
</entry>


<entry>
  <title type="html"><![CDATA[Reactive Apps with Model-View-Intent - Part6 - Restoring State]]></title>
  <link rel="alternate" type="text/html" href="http://hannesdorfmann.com/android/mosby3-mvi-6"/>
  <id>http://hannesdorfmann.com/android/mosby3-mvi-6</id>
  <published>2017-05-02T00:00:00+02:00</published>
  <updated>2017-05-02T00:00:00+02:00</updated>
  <author>
    <name>Hannes Dorfmann</name>
    <uri>http://hannesdorfmann.com</uri>
  </author>
  <category scheme="http://hannesdorfmann.com/tags/#android" term="android" /><category scheme="http://hannesdorfmann.com/tags/#software-architecture" term="software-architecture" />
  <content type="html">
  &lt;p&gt;&lt;a href=&quot;http://hannesdorfmann.com/android/mosby3-mvi-6&quot;&gt;Reactive Apps with Model-View-Intent - Part6 - Restoring State&lt;/a&gt; was originally published by Hannes Dorfmann at &lt;a href=&quot;http://hannesdorfmann.com&quot;&gt;Hannes Dorfmann&lt;/a&gt; on May 02, 2017.&lt;/p&gt;
  </content>
</entry>


<entry>
  <title type="html"><![CDATA[Reactive Apps with Model-View-Intent - Part5 - Debugging with ease]]></title>
  <link rel="alternate" type="text/html" href="http://hannesdorfmann.com/android/mosby3-mvi-5"/>
  <id>http://hannesdorfmann.com/android/mosby3-mvi-5</id>
  <published>2017-03-17T00:00:00+01:00</published>
  <updated>2017-03-17T00:00:00+01:00</updated>
  <author>
    <name>Hannes Dorfmann</name>
    <uri>http://hannesdorfmann.com</uri>
  </author>
  <category scheme="http://hannesdorfmann.com/tags/#android" term="android" /><category scheme="http://hannesdorfmann.com/tags/#software-architecture" term="software-architecture" />
  <content type="html">
  &lt;p&gt;&lt;a href=&quot;http://hannesdorfmann.com/android/mosby3-mvi-5&quot;&gt;Reactive Apps with Model-View-Intent - Part5 - Debugging with ease&lt;/a&gt; was originally published by Hannes Dorfmann at &lt;a href=&quot;http://hannesdorfmann.com&quot;&gt;Hannes Dorfmann&lt;/a&gt; on March 17, 2017.&lt;/p&gt;
  </content>
</entry>


<entry>
  <title type="html"><![CDATA[Reactive Apps with Model-View-Intent - Part4 - Independent UI Components]]></title>
  <link rel="alternate" type="text/html" href="http://hannesdorfmann.com/android/mosby3-mvi-4"/>
  <id>http://hannesdorfmann.com/android/mosby3-mvi-4</id>
  <published>2017-02-25T00:00:00+01:00</published>
  <updated>2017-02-25T00:00:00+01:00</updated>
  <author>
    <name>Hannes Dorfmann</name>
    <uri>http://hannesdorfmann.com</uri>
  </author>
  <category scheme="http://hannesdorfmann.com/tags/#android" term="android" /><category scheme="http://hannesdorfmann.com/tags/#software-architecture" term="software-architecture" />
  <content type="html">
  &lt;p&gt;&lt;a href=&quot;http://hannesdorfmann.com/android/mosby3-mvi-4&quot;&gt;Reactive Apps with Model-View-Intent - Part4 - Independent UI Components&lt;/a&gt; was originally published by Hannes Dorfmann at &lt;a href=&quot;http://hannesdorfmann.com&quot;&gt;Hannes Dorfmann&lt;/a&gt; on February 25, 2017.&lt;/p&gt;
  </content>
</entry>


<entry>
  <title type="html"><![CDATA[Reactive Apps with Model-View-Intent - Part3 - State Reducer]]></title>
  <link rel="alternate" type="text/html" href="http://hannesdorfmann.com/android/mosby3-mvi-3"/>
  <id>http://hannesdorfmann.com/android/mosby3-mvi-3</id>
  <published>2017-01-19T00:00:00+01:00</published>
  <updated>2017-01-19T00:00:00+01:00</updated>
  <author>
    <name>Hannes Dorfmann</name>
    <uri>http://hannesdorfmann.com</uri>
  </author>
  <category scheme="http://hannesdorfmann.com/tags/#android" term="android" /><category scheme="http://hannesdorfmann.com/tags/#software-architecture" term="software-architecture" />
  <content type="html">
  &lt;p&gt;&lt;a href=&quot;http://hannesdorfmann.com/android/mosby3-mvi-3&quot;&gt;Reactive Apps with Model-View-Intent - Part3 - State Reducer&lt;/a&gt; was originally published by Hannes Dorfmann at &lt;a href=&quot;http://hannesdorfmann.com&quot;&gt;Hannes Dorfmann&lt;/a&gt; on January 19, 2017.&lt;/p&gt;
  </content>
</entry>


<entry>
  <title type="html"><![CDATA[Reactive Apps with Model-View-Intent - Part2 - View and Intent]]></title>
  <link rel="alternate" type="text/html" href="http://hannesdorfmann.com/android/mosby3-mvi-2"/>
  <id>http://hannesdorfmann.com/android/mosby3-mvi-2</id>
  <published>2017-01-17T00:00:00+01:00</published>
  <updated>2017-01-17T00:00:00+01:00</updated>
  <author>
    <name>Hannes Dorfmann</name>
    <uri>http://hannesdorfmann.com</uri>
  </author>
  <category scheme="http://hannesdorfmann.com/tags/#android" term="android" /><category scheme="http://hannesdorfmann.com/tags/#software-architecture" term="software-architecture" />
  <content type="html">
  &lt;p&gt;&lt;a href=&quot;http://hannesdorfmann.com/android/mosby3-mvi-2&quot;&gt;Reactive Apps with Model-View-Intent - Part2 - View and Intent&lt;/a&gt; was originally published by Hannes Dorfmann at &lt;a href=&quot;http://hannesdorfmann.com&quot;&gt;Hannes Dorfmann&lt;/a&gt; on January 17, 2017.&lt;/p&gt;
  </content>
</entry>


<entry>
  <title type="html"><![CDATA[Reactive Apps with Model-View-Intent - Part1 - Model]]></title>
  <link rel="alternate" type="text/html" href="http://hannesdorfmann.com/android/mosby3-mvi-1"/>
  <id>http://hannesdorfmann.com/android/mosby3-mvi-1</id>
  <published>2017-01-09T00:00:00+01:00</published>
  <updated>2017-01-09T00:00:00+01:00</updated>
  <author>
    <name>Hannes Dorfmann</name>
    <uri>http://hannesdorfmann.com</uri>
  </author>
  <category scheme="http://hannesdorfmann.com/tags/#android" term="android" /><category scheme="http://hannesdorfmann.com/tags/#software-architecture" term="software-architecture" />
  <content type="html">
  &lt;p&gt;&lt;a href=&quot;http://hannesdorfmann.com/android/mosby3-mvi-1&quot;&gt;Reactive Apps with Model-View-Intent - Part1 - Model&lt;/a&gt; was originally published by Hannes Dorfmann at &lt;a href=&quot;http://hannesdorfmann.com&quot;&gt;Hannes Dorfmann&lt;/a&gt; on January 09, 2017.&lt;/p&gt;
  </content>
</entry>


<entry>
  <title type="html"><![CDATA[Why a library developer should consider using abstract class instead of interface]]></title>
  <link rel="alternate" type="text/html" href="http://hannesdorfmann.com/android/library-abstract-class"/>
  <id>http://hannesdorfmann.com/android/library-abstract-class</id>
  <published>2016-10-13T00:00:00+02:00</published>
  <updated>2016-10-13T00:00:00+02:00</updated>
  <author>
    <name>Hannes Dorfmann</name>
    <uri>http://hannesdorfmann.com</uri>
  </author>
  <category scheme="http://hannesdorfmann.com/tags/#android" term="android" /><category scheme="http://hannesdorfmann.com/tags/#java" term="java" />
  <content type="html">
  &lt;p&gt;&lt;a href=&quot;http://hannesdorfmann.com/android/library-abstract-class&quot;&gt;Why a library developer should consider using abstract class instead of interface&lt;/a&gt; was originally published by Hannes Dorfmann at &lt;a href=&quot;http://hannesdorfmann.com&quot;&gt;Hannes Dorfmann&lt;/a&gt; on October 13, 2016.&lt;/p&gt;
  </content>
</entry>


<entry>
  <title type="html"><![CDATA[The evolution of the Repository Pattern - Be aware of over abstraction]]></title>
  <link rel="alternate" type="text/html" href="http://hannesdorfmann.com/android/evolution-of-the-repository-pattern"/>
  <id>http://hannesdorfmann.com/android/evolution-of-the-repository-pattern</id>
  <published>2016-07-17T00:00:00+02:00</published>
  <updated>2016-07-17T00:00:00+02:00</updated>
  <author>
    <name>Hannes Dorfmann</name>
    <uri>http://hannesdorfmann.com</uri>
  </author>
  <category scheme="http://hannesdorfmann.com/tags/#android" term="android" /><category scheme="http://hannesdorfmann.com/tags/#software-architecture" term="software-architecture" /><category scheme="http://hannesdorfmann.com/tags/#design-patterns" term="design-patterns" />
  <content type="html">
  &lt;p&gt;&lt;a href=&quot;http://hannesdorfmann.com/android/evolution-of-the-repository-pattern&quot;&gt;The evolution of the Repository Pattern - Be aware of over abstraction&lt;/a&gt; was originally published by Hannes Dorfmann at &lt;a href=&quot;http://hannesdorfmann.com&quot;&gt;Hannes Dorfmann&lt;/a&gt; on July 17, 2016.&lt;/p&gt;
  </content>
</entry>


<entry>
  <title type="html"><![CDATA[From Prefab House to Lego House]]></title>
  <link rel="alternate" type="text/html" href="http://hannesdorfmann.com/android/from-prefabricated-house-to-lego-house"/>
  <id>http://hannesdorfmann.com/android/from-prefabricated-house-to-lego-house</id>
  <published>2016-05-13T00:00:00+02:00</published>
  <updated>2016-05-13T00:00:00+02:00</updated>
  <author>
    <name>Hannes Dorfmann</name>
    <uri>http://hannesdorfmann.com</uri>
  </author>
  <category scheme="http://hannesdorfmann.com/tags/#android" term="android" /><category scheme="http://hannesdorfmann.com/tags/#software-architecture" term="software-architecture" />
  <content type="html">
  &lt;p&gt;&lt;a href=&quot;http://hannesdorfmann.com/android/from-prefabricated-house-to-lego-house&quot;&gt;From Prefab House to Lego House&lt;/a&gt; was originally published by Hannes Dorfmann at &lt;a href=&quot;http://hannesdorfmann.com&quot;&gt;Hannes Dorfmann&lt;/a&gt; on May 13, 2016.&lt;/p&gt;
  </content>
</entry>


<entry>
  <title type="html"><![CDATA[Mixins as alternative to inheritance in Java 8]]></title>
  <link rel="alternate" type="text/html" href="http://hannesdorfmann.com/android/java-mixins"/>
  <id>http://hannesdorfmann.com/android/java-mixins</id>
  <published>2016-04-26T00:00:00+02:00</published>
  <updated>2016-04-26T00:00:00+02:00</updated>
  <author>
    <name>Hannes Dorfmann</name>
    <uri>http://hannesdorfmann.com</uri>
  </author>
  <category scheme="http://hannesdorfmann.com/tags/#android" term="android" /><category scheme="http://hannesdorfmann.com/tags/#java" term="java" /><category scheme="http://hannesdorfmann.com/tags/#design-patterns" term="design-patterns" />
  <content type="html">
  &lt;p&gt;&lt;a href=&quot;http://hannesdorfmann.com/android/java-mixins&quot;&gt;Mixins as alternative to inheritance in Java 8&lt;/a&gt; was originally published by Hannes Dorfmann at &lt;a href=&quot;http://hannesdorfmann.com&quot;&gt;Hannes Dorfmann&lt;/a&gt; on April 26, 2016.&lt;/p&gt;
  </content>
</entry>


<entry>
  <title type="html"><![CDATA[Presenters don't need lifecycle events]]></title>
  <link rel="alternate" type="text/html" href="http://hannesdorfmann.com/android/presenters-dont-need-lifecycle"/>
  <id>http://hannesdorfmann.com/android/presenters-dont-need-lifecycle</id>
  <published>2016-03-24T00:00:00+01:00</published>
  <updated>2016-03-24T00:00:00+01:00</updated>
  <author>
    <name>Hannes Dorfmann</name>
    <uri>http://hannesdorfmann.com</uri>
  </author>
  <category scheme="http://hannesdorfmann.com/tags/#android" term="android" /><category scheme="http://hannesdorfmann.com/tags/#software-architecture" term="software-architecture" /><category scheme="http://hannesdorfmann.com/tags/#design-patterns" term="design-patterns" />
  <content type="html">
  &lt;p&gt;&lt;a href=&quot;http://hannesdorfmann.com/android/presenters-dont-need-lifecycle&quot;&gt;Presenters don't need lifecycle events&lt;/a&gt; was originally published by Hannes Dorfmann at &lt;a href=&quot;http://hannesdorfmann.com&quot;&gt;Hannes Dorfmann&lt;/a&gt; on March 24, 2016.&lt;/p&gt;
  </content>
</entry>


<entry>
  <title type="html"><![CDATA[Model-View-Intent on Android]]></title>
  <link rel="alternate" type="text/html" href="http://hannesdorfmann.com/android/model-view-intent"/>
  <id>http://hannesdorfmann.com/android/model-view-intent</id>
  <published>2016-03-04T00:00:00+01:00</published>
  <updated>2016-03-04T00:00:00+01:00</updated>
  <author>
    <name>Hannes Dorfmann</name>
    <uri>http://hannesdorfmann.com</uri>
  </author>
  <category scheme="http://hannesdorfmann.com/tags/#android" term="android" /><category scheme="http://hannesdorfmann.com/tags/#software-architecture" term="software-architecture" /><category scheme="http://hannesdorfmann.com/tags/#design-patterns" term="design-patterns" />
  <content type="html">
  &lt;p&gt;&lt;a href=&quot;http://hannesdorfmann.com/android/model-view-intent&quot;&gt;Model-View-Intent on Android&lt;/a&gt; was originally published by Hannes Dorfmann at &lt;a href=&quot;http://hannesdorfmann.com&quot;&gt;Hannes Dorfmann&lt;/a&gt; on March 04, 2016.&lt;/p&gt;
  </content>
</entry>


<entry>
  <title type="html"><![CDATA[Let Mosby Flow - An alternative to Fragments]]></title>
  <link rel="alternate" type="text/html" href="http://hannesdorfmann.com/android/let-mosby-flow"/>
  <id>http://hannesdorfmann.com/android/let-mosby-flow</id>
  <published>2016-03-01T00:00:00+01:00</published>
  <updated>2016-03-01T00:00:00+01:00</updated>
  <author>
    <name>Hannes Dorfmann</name>
    <uri>http://hannesdorfmann.com</uri>
  </author>
  <category scheme="http://hannesdorfmann.com/tags/#android" term="android" /><category scheme="http://hannesdorfmann.com/tags/#software-architecture" term="software-architecture" /><category scheme="http://hannesdorfmann.com/tags/#design-patterns" term="design-patterns" />
  <content type="html">
  &lt;p&gt;&lt;a href=&quot;http://hannesdorfmann.com/android/let-mosby-flow&quot;&gt;Let Mosby Flow - An alternative to Fragments&lt;/a&gt; was originally published by Hannes Dorfmann at &lt;a href=&quot;http://hannesdorfmann.com&quot;&gt;Hannes Dorfmann&lt;/a&gt; on March 01, 2016.&lt;/p&gt;
  </content>
</entry>


<entry>
  <title type="html"><![CDATA[AdapterCommands]]></title>
  <link rel="alternate" type="text/html" href="http://hannesdorfmann.com/android/adapter-commands"/>
  <id>http://hannesdorfmann.com/android/adapter-commands</id>
  <published>2016-02-07T00:00:00+01:00</published>
  <updated>2016-02-07T00:00:00+01:00</updated>
  <author>
    <name>Hannes Dorfmann</name>
    <uri>http://hannesdorfmann.com</uri>
  </author>
  <category scheme="http://hannesdorfmann.com/tags/#android" term="android" /><category scheme="http://hannesdorfmann.com/tags/#design-patterns" term="design-patterns" />
  <content type="html">
  &lt;p&gt;&lt;a href=&quot;http://hannesdorfmann.com/android/adapter-commands&quot;&gt;AdapterCommands&lt;/a&gt; was originally published by Hannes Dorfmann at &lt;a href=&quot;http://hannesdorfmann.com&quot;&gt;Hannes Dorfmann&lt;/a&gt; on February 07, 2016.&lt;/p&gt;
  </content>
</entry>


<entry>
  <title type="html"><![CDATA[Refactoring Plaid App - A reactive MVP Approach (Part 2)]]></title>
  <link rel="alternate" type="text/html" href="http://hannesdorfmann.com/android/plaid-refactored-2"/>
  <id>http://hannesdorfmann.com/android/plaid-refactored-2</id>
  <published>2015-12-02T00:00:00+01:00</published>
  <updated>2015-12-02T00:00:00+01:00</updated>
  <author>
    <name>Hannes Dorfmann</name>
    <uri>http://hannesdorfmann.com</uri>
  </author>
  <category scheme="http://hannesdorfmann.com/tags/#android" term="android" /><category scheme="http://hannesdorfmann.com/tags/#software-architecture" term="software-architecture" /><category scheme="http://hannesdorfmann.com/tags/#design-patterns" term="design-patterns" />
  <content type="html">
  &lt;p&gt;&lt;a href=&quot;http://hannesdorfmann.com/android/plaid-refactored-2&quot;&gt;Refactoring Plaid App - A reactive MVP Approach (Part 2)&lt;/a&gt; was originally published by Hannes Dorfmann at &lt;a href=&quot;http://hannesdorfmann.com&quot;&gt;Hannes Dorfmann&lt;/a&gt; on December 02, 2015.&lt;/p&gt;
  </content>
</entry>


<entry>
  <title type="html"><![CDATA[Refactoring Plaid App - A reactive MVP Approach (Part 1)]]></title>
  <link rel="alternate" type="text/html" href="http://hannesdorfmann.com/android/plaid-refactored-1"/>
  <id>http://hannesdorfmann.com/android/plaid-refactored-1</id>
  <published>2015-11-29T00:00:00+01:00</published>
  <updated>2015-11-29T00:00:00+01:00</updated>
  <author>
    <name>Hannes Dorfmann</name>
    <uri>http://hannesdorfmann.com</uri>
  </author>
  <category scheme="http://hannesdorfmann.com/tags/#android" term="android" /><category scheme="http://hannesdorfmann.com/tags/#software-architecture" term="software-architecture" /><category scheme="http://hannesdorfmann.com/tags/#design-patterns" term="design-patterns" />
  <content type="html">
  &lt;p&gt;&lt;a href=&quot;http://hannesdorfmann.com/android/plaid-refactored-1&quot;&gt;Refactoring Plaid App - A reactive MVP Approach (Part 1)&lt;/a&gt; was originally published by Hannes Dorfmann at &lt;a href=&quot;http://hannesdorfmann.com&quot;&gt;Hannes Dorfmann&lt;/a&gt; on November 29, 2015.&lt;/p&gt;
  </content>
</entry>

</feed>
