<?xml version="1.0"?><rsd version="1.0" xmlns="http://archipelago.phrasewise.com/rsd"><service><apis><api name="MediaWiki" preferred="true" apiLink="https://elinux.org/api.php" blogID=""><settings><docs xml:space="preserve">https://www.mediawiki.org/wiki/Special:MyLanguage/API</docs><setting name="OAuth" xml:space="preserve">false</setting></settings></api></apis><engineName xml:space="preserve">MediaWiki</engineName><engineLink xml:space="preserve">https://www.mediawiki.org/</engineLink><homePageLink xml:space="preserve">https://elinux.org/Main_Page</homePageLink></service></rsd>