<?xml version="1.0" encoding="UTF-8"?><OpenSearchDescription xmlns="http://a9.com/-/spec/opensearch/1.1/" xmlns:moz="http://www.mozilla.org/2006/browser/search/"><ShortName>ProAndroidDev</ShortName><Url type="text/html" template="https://proandroiddev.com/search?q={searchTerms}&amp;ref=opensearch" method="GET"/><Url type="application/opensearchdescription+xml" rel="self" template="/opensearch.xml"/><Image height="16" width="16" type="image/vnd.microsoft.icon">https://cdn-static-1.medium.com/_/fp/icons/favicon-rebrand-medium.3Y6xpZ-0FSdWDnPM3hSBIA.ico</Image><OutputEncoding>UTF-8</OutputEncoding><InputEncoding>UTF-8</InputEncoding><moz:SearchForm>https://proandroiddev.com</moz:SearchForm></OpenSearchDescription>