{"type": "video","provider_url": "https://www.lynda.com/","height": 315,"provider_name": "Lynda.com","thumbnail_height": 315, "title": "Building an Android App with Architecture Components", "html": "\u003ciframe width='560' height='315' src='https:\/\/www.lynda.com\/player\/embed\/744507?fs=3&w=560&h=315&ps=paused' mozallowfullscreen='true' webkitallowfullscreen='true' allowfullscreen='true' frameborder='0' scrolling='no'\u003e\u003c\/iframe\u003e", "thumbnail_width": 560,"author_name": "David Gassner", "author_url": "https://www.lynda.com/David-Gassner/87-1.html", "version": "1.0", "width": 560, "thumbnail_url": ""}